,0
0,Is there such a thing as too much #avocado? We don't think so! Especially not if you're trying to get squeeze moreâ€¦ https://t.co/NNE4I8rmjK
1,"Don't hate on fat!

Avocado, #salmon, walnuts, and olive oil are great for your health and they could even help youâ€¦ https://t.co/4ujtBA9yos"
2,Egg in a Hole. #egginahole #hamptons #breakfast #eggs #avocado @ Southampton Shores https://t.co/s9gVOOiMHE
3,"#Avocado, the Anti Inflammatory Diseases Functional Food https://t.co/4NU3XDH0uY https://t.co/TLnaXVkuQp"
4,"A new favourtite on our breakfast menu.  Smashed avocado, sundried tomato pesto mayo and salsa fresca on toast. Nowâ€¦ https://t.co/zFfdoaaj5a"
5,"Summer Green Salad with Apple Cider Vinegrette, Pickled Radishes and Grated Parmigiano Reggiano in a Chapati Cup.
.â€¦ https://t.co/N1ufAxAGpe"
6,"Can you guess what weâ€™re making? ğŸ¥‘ follow our #recipeblog to find it out

https://t.co/dmoNGLVXb7

Hint: itâ€™s scariâ€¦ https://t.co/22jtR02UM1"
7,Gabrieaus Bistro will be closed until 1pm this afternoon. We apologize for any inconvenience. Our lunch special thiâ€¦ https://t.co/ScaFV8dgR2
8,In need of the perfect #salad #recipe featuring #avocado and CraisinsÂ® Dried Cranberries? ğŸ¥‘ Click here to visit ourâ€¦ https://t.co/jx6WZnd0Rw
9,"ğŸ¥‘NEW WORK!ğŸ¥‘ I created the funky front cover and interior illustrations for this fun, new recipe book!â€¦ https://t.co/1DxiWoDC9k"
10,"Avocado ğŸ¥‘ toast for breakfast ğŸ˜‹.  It never gets old ğŸ˜‹ ğŸ‘Œ ğŸ˜ 

#kermittherunner #toast #aguacate #pantostado #avocadoâ€¦ https://t.co/A8kgVcrPvg"
11,"""The Old Cross"" always a favourite here at The Joiners Shop! ğŸ¥“ ğŸ… ğŸ¥‘ 

#thejoinersshop 
#poachedeggs 
#brunchâ€¦ https://t.co/KtwIimeBR9"
12,Boost your #beauty with this 18% deeply rich #Avocado oil #soap bar with raw Cocoa seed butter empowers your skin wâ€¦ https://t.co/b84gPk6id5
13,"OK- REAL TALK! Whatâ€™s your favorite kind of #pizza???Hereâ€™s a slice of pizza youâ€™ve never seen!ğŸ•ğŸ‘€ Toppings:#shrimp,â€¦ https://t.co/nA3mqU2H5o"
14,Australian fresh produce leader Costa Group is investing in supply chain upgrades based on data from Escavox trackiâ€¦ https://t.co/Su6oPEuyke
15,Ugly drawings #inktober #inktober2020 my #ugly #avocado #drawing #contemporarydrawing https://t.co/1BmFbagP67
16,#avocado toast in a hipster cafÃ© with a flat white to top it off ğŸ¥‘ğŸ³ The amount spent might equal 3 days' worth of gâ€¦ https://t.co/16qWjHAdGp
17,Keto friendly breakfast @martilcafe ! Poached eggs; avocado; sausage!!! #martilcafe #keto #ketobreakfastâ€¦ https://t.co/s8dAKGfVaa
18,"Say hi to the Avocado pair.
#avocado #guacamole #freshveg #freshfood #homemade @ Fude Eile https://t.co/DShgnYHfQy"
19,@thehappypear The avocado trade in Mexico lead's to violence against the locals by the cartels. #openyoureyeâ€¦ https://t.co/U0bvFkLJc6
20,Starting your day with #proteins will help you stay off those #sugar cravings and make you feel fuller for longer.â€¦ https://t.co/xO7aqltQOC
21,"As amazing as avocados are, they can be a pain to keep fresh. 

Find out how to keep your #avocado green in the linâ€¦ https://t.co/12Pk3u6cqj"
22,"5 foods that help you maintain healthy cholesterol levels 
#avocado
#beans
#nuts
#garlic
#apples/pears

#nutritionâ€¦ https://t.co/EA1WrvZFKw"
23,"There is a chance that an avo you eat this season was pollinated by #NativeNosi bees, ayeye  ğŸ˜œğŸ¥‘ğŸ¯ğŸ

#avocadoâ€¦ https://t.co/J5ZBp7Jjhp"
24,"Suitable for all sorts of pallets, box types and part-loaded rooms, Ecotop Start by @Bgdoor is a plug-and-playâ€¦ https://t.co/JDamcwPSuJ"
25,In need of the perfect #salad #recipe featuring #avocado and CraisinsÂ® Dried Cranberries? ğŸ¥‘ Click here to visit ourâ€¦ https://t.co/A39jnv0MXy
26,The molecular reason #avocado toast tastes so good https://t.co/aNbKOgOU4C https://t.co/4cFmYuqIUg
27,Dinner at midnight or is it breakfast ?ğŸ¤” I am here for the #avocado #hollandaise. #nightowl. #cooking #eatingâ€¦ https://t.co/FxU7fGRbFM
28,In need of the perfect #salad #recipe featuring #avocado and CraisinsÂ® Dried Cranberries? ğŸ¥‘ Click here to visit ourâ€¦ https://t.co/cXXA1nIGk5
29,Reading about this: #Avocado - Great For Natural #SkinCare #FrizeMedia #health - https://t.co/4kHf9XdJaCâ€¦ https://t.co/jeI0T9lyyl
30,QAAFI Science Seminar ğŸ‘©ğŸ½â€ğŸ’» on 13 October 12-1pm online via Zoom Webinar | Cryopreservation of #avocado shoot tips ğŸ¥‘â€¦ https://t.co/rIS2wnRrwg
31,Yeah #avocado https://t.co/hY5PiP1bSO
32,"Morning breakfast is important,donâ€™t skip it. It makes u eat less &amp; stay focused and energized throughout the day.â€¦ https://t.co/06yHIuCpkF"
33,I have 4 #avocado halves. Note: I don't have 2 avocados. #avocadoproblems #2020
34,"This baby is $25! ğŸ¥‘ğŸ¥‘ğŸ¥‘ DM me if youâ€™re interested! 

#avocado #necklace #earrings #handmade #charms https://t.co/19hM1QuFOF"
35,In need of the perfect #salad #recipe featuring #avocado and CraisinsÂ® Dried Cranberries? ğŸ¥‘ Click here to visit ourâ€¦ https://t.co/GX09o7RFeu
36,In need of the perfect #salad #recipe featuring #avocado and CraisinsÂ® Dried Cranberries? ğŸ¥‘ Click here to visit ourâ€¦ https://t.co/K4W0HqP6jD
37,In need of the perfect #salad #recipe featuring #avocado and CraisinsÂ® Dried Cranberries? ğŸ¥‘ Click here to visit ourâ€¦ https://t.co/TdF4KLgymA
38,My mom showed me the #avocado plant she's been trying to grow ğŸ¥‘... but then she wouldn't let me eat it! Something aâ€¦ https://t.co/QiKslI9pO2
39,"ğŸ¥‘AVOCADO TIPğŸ¥‘ If your avocados get ripe before youâ€™re ready to eat them, hereâ€™s a quick and easy tip to save them.â€¦ https://t.co/9PKdCvn95N"
40,Itâ€™s my lucky day. #avocado #lucky https://t.co/gvY7cH85kY
41,I donâ€™t even like avocados but I love this parody so much! Iâ€™ve listened to it so many times already ğŸ˜… #avocadoâ€¦ https://t.co/tANIN8WQEz
42,Today started with pain yet again but thankfully went.ğŸ™ŒğŸ½ So I ticked off the to do list âœğŸ¼ and daughter came over aâ€¦ https://t.co/eTuiJI854V
43,"The pants of the millennium??
.
.
#avocado #avocadofashion #avocadoprint #avocadoset #avocadostyle #avocadopantsâ€¦ https://t.co/hP3lYHHMWX"
44,Iâ€™m an animal - chili crisp and chimichurri on the same plate. #dinner #avocado #cleanfood #chilicrisp #delso @ Albâ€¦ https://t.co/mUFR5VvvIL
45,In need of the perfect #salad #recipe featuring #avocado and CraisinsÂ® Dried Cranberries? ğŸ¥‘ Click here to visit ourâ€¦ https://t.co/e5u0VumxYH
46,How healthy is this? Chicken Salad Sandwich with slices of Avocado! #chickensalad #avocado @ CafÃ© Guz https://t.co/dXe0GN8r0v
47,In need of the perfect #salad #recipe featuring #avocado and CraisinsÂ® Dried Cranberries? ğŸ¥‘ Click here to visit ourâ€¦ https://t.co/WYylnzjnUg
48,I repotted and propagated a few things over the last few days â˜ºï¸ğŸŒ¿ / #plants #garden #avocado https://t.co/7yT2bRGBap
49,Just an avocado update ğŸ¥‘ heâ€™s now potted!  I got two more in cups of water waiting to grow roots. #KitchenGardenâ€¦ https://t.co/VtqUhPNZe4
50,In need of the perfect #salad #recipe featuring #avocado and CraisinsÂ® Dried Cranberries? ğŸ¥‘ Click here to visit ourâ€¦ https://t.co/0XXJA5ErPl
51,In need of the perfect #salad #recipe featuring #avocado and CraisinsÂ® Dried Cranberries? ğŸ¥‘ Click here to visit ourâ€¦ https://t.co/MM5yHCCIlz
52,"Lunch. ğŸ˜
*
*
*
*
*
#Lunch #boiledeggs #chickenwinglets #avocadosauce #avocado #salad #mandarin #herbs #cookingâ€¦ https://t.co/gVNAlbgy75"
53,In need of the perfect #salad #recipe featuring #avocado and CraisinsÂ® Dried Cranberries? ğŸ¥‘ Click here to visit ourâ€¦ https://t.co/oj0wFH51xO
54,Use code COVID1050 for 10% off all orders over Â£50 before our #Pacific #Avocado #Honey runs out. Please be aware thâ€¦ https://t.co/jLmvRa5XZh
55,In need of the perfect #salad #recipe featuring #avocado and CraisinsÂ® Dried Cranberries? ğŸ¥‘ Click here to visit ourâ€¦ https://t.co/bwAyYzy3EW
56,In need of the perfect #salad #recipe featuring #avocado and CraisinsÂ® Dried Cranberries? ğŸ¥‘ Click here to visit ourâ€¦ https://t.co/Wr0WnvvnkJ
57,In need of the perfect #salad #recipe featuring #avocado and CraisinsÂ® Dried Cranberries? ğŸ¥‘ Click here to visit ourâ€¦ https://t.co/hTdNWksElu
58,In need of the perfect #salad #recipe featuring #avocado and CraisinsÂ® Dried Cranberries? ğŸ¥‘ Click here to visit ourâ€¦ https://t.co/H717EWpq28
59,"I donâ€™t anyone who doesnâ€™t like avocado those that donâ€™t, here are some benefits #eat #eatme #eathealthyâ€¦ https://t.co/G0wXuLUhqA"
60,In need of the perfect #salad #recipe featuring #avocado and CraisinsÂ® Dried Cranberries? ğŸ¥‘ Click here to visit ourâ€¦ https://t.co/xwA88HNFHo
61,Getting that Kali #breakfastburrito in Cali. @lyza.garcia totally stole all my #avocado.  Burrito was still delicioâ€¦ https://t.co/vKcrhJ4C0P
62,In need of the perfect #salad #recipe featuring #avocado and CraisinsÂ® Dried Cranberries? ğŸ¥‘ Click here to visit ourâ€¦ https://t.co/4R7QgBeB1Y
63,In need of the perfect #salad #recipe featuring #avocado and CraisinsÂ® Dried Cranberries? ğŸ¥‘ Click here to visit ourâ€¦ https://t.co/LzOJGHUwLw
64,"Thats right... every. single. one ğŸŒ¾ğŸŒ¾ğŸŒ¾
#organic #organicfood #whyorganic #recipes #sustainability #healthylifestyleâ€¦ https://t.co/ptY0mcqZzz"
65,Boost your circulation with the benefits of #avocado! ğŸ¥‘ #healthy #food https://t.co/rmVX5wlH2T
66,"Tortillas roll ups. Healthy breakfast.
#tortillas #breakfast #HealthyEating #avocado #bestideas https://t.co/sM84SzpJoM"
67,"Homemade chicken burgers with lettuce, feta and avocado salad 
Made with @janinejaderose 
#chickenburger #avocadoâ€¦ https://t.co/eCi9cLjMnr"
68,"ğŸšœ ğŸ¥‘ Jupiterâ€™s Colombian grown Hass avocado are grown for their quality and nutty yet creamy taste!

Our avocados haâ€¦ https://t.co/F9aSLBUN7P"
69,#BLT with #Avocado on #toasted #bagel for #yesterdays din din ğŸŒ¼ https://t.co/9BsiBhuMDK
70,Checking in on the #avocado rootstock trial.  These new varieties should have better tolerance for heat and salinitâ€¦ https://t.co/aqte9Tj3Cz
71,starting soup season off with a twist and cozying up with a big bowl of this roasted yellow pepper and avocado bisqâ€¦ https://t.co/TpHgr4MkZm
72,"Freshly re-stocked 
#avocado 
you can access the products listed on https://t.co/wgdWfH5zIc
..
 #weeklybasketâ€¦ https://t.co/BD46Gnuw3U"
73,"I recently read that avocados may soon go extinct due to demand and their difficulty to grow.

Are #farmers going eâ€¦ https://t.co/6HitxC6dBB"
74,#Healthy life with the #avocado https://t.co/d76uM8tLDd https://t.co/laJ2BRXwCW
75,Bento ğŸ± of the day #Yum #nourish  #egg #avocado #hummus https://t.co/Uluskwd2Qi
76,"BACON + AVOCADO = BACADO! An all-time favorite, the Bacado Omelette is made with three cage-free eggs, bacon and avâ€¦ https://t.co/MWoNp17I80"
77,"BACON + AVOCADO = BACADO! An all-time favorite, the Bacado Omelette is made with three cage-free eggs, bacon and avâ€¦ https://t.co/y5MZ3RmA1p"
78,Green and healthy lunch NottingHill #bettertogether #veganfood #weightloss #hypnosisweightloss #vegetarian #greenâ€¦ https://t.co/bjdH5Jdj9P
79,"Register today for this webinar a #MASTERCLASS on #Avocado #Peas and #Frenchbeans starting 14th October, 2020 fromâ€¦ https://t.co/TqFokgN4OF"
80,"Register today for this webinar a #MASTERCLASS on #Avocado #Peas and #Frenchbeans starting 14th October, 2020 fromâ€¦ https://t.co/evgMvB12cU"
81,"avo toast always a winner ğŸ¥‘ 
.
.
.
.
.
.
.
.
.
@jusubrothers #avocado #avocadotoast #brunch #plantbased #veganâ€¦ https://t.co/uzjMM523sD"
82,"A trial run today for the @AvocadoClubNCH event on Tuesday 13th October ğŸ¥‘ğŸ¥‘

We canâ€™t wait to try this yummy avocadoâ€¦ https://t.co/jwcikWbN9V"
83,Boost your #beauty with this 18% deeply rich #Avocado oil #soap bar with raw Cocoa seed butter empowers your skin wâ€¦ https://t.co/halmzSBqgx
84,"Ok, MAYBE we're a little in love with avocados right now ğŸ¥‘
Chloe Collar Shirt in Avocado available in sizes 10-14 iâ€¦ https://t.co/WzBDiw8DVg"
85,Cheesy avocado ice cream recipe. Full details here â€”&gt; https://t.co/L8GY2bs2nW #food #recipes #dessert #avocadoâ€¦ https://t.co/HdvWyk2pbH
86,"10 Best Foods to Cleanse Your Liver

1. #GreenTea
2. #LemonJuice
3. #Garlic
4. Leafy Greens
5. Beets
6. #Olive Oilâ€¦ https://t.co/1j6yGGaTW8"
87,Do you have a dinner party coming up? Here are 8 delicious #avocado snacks to impress your friends.â€¦ https://t.co/8FTWjyfT5f
88,"My AvoCATo Pitten pattern is live! Make one for an avocado lover gift, AND/OR cat lover gift! #interactivecrochetâ€¦ https://t.co/HkxyCqqFrg"
89,We now serve #breakfast from 9am to 3pm everyday! #brunch #brekkie or #lunch we have you covered! What could be nicâ€¦ https://t.co/30Xikt8Daa
90,"Quick #Breakfast Ideas: Prepare This #Avocado Toast To Get A Dash Of #Protein, #Fibre And Good #Fats
#WednedayWisdom
https://t.co/oYLHNxZvmZ"
91,"Avocado trapped in dice! Now available on Kickstarter!

https://t.co/gZ7IQol7LO

#dnd #avocado #canada #kickstarterâ€¦ https://t.co/WychV6SHFI"
92,"White beans mashed with ripe #avocado and blended with sharp Cheddar and onion makes an incredibly rich, flavorfulâ€¦ https://t.co/jyWHYCKoXK"
93,#TIMEforYOUTHS:TX ğŸ™ @BhandariBallabh #BallabhBhandari for one full bag of #Avocado from his garden-much better thanâ€¦ https://t.co/73sUhz0KuA
94,"âˆšFor storage, keep #avocados at room temperature until theyâ€™re ripe.
âˆšIf your #avocado is ripe, but youâ€™re not quitâ€¦ https://t.co/RPYLFuEMe1"
95,"Made #quinoa and #shard patties for dinner with onion, parsley, chives and a touch of maple syrup and lemon juice.â€¦ https://t.co/Frez6EzG3r"
96,"Grilled Steak Taco Salad Dinner Special
.
.
.
#dinner #special #steak #salad #avocado #yum @ Dixie Grill &amp; Brewery https://t.co/2gl2AKOQOU"
97,Happy #HispanicHeritageMonth! Iâ€™m a proud Peruvian professor in Microbiology and Plant Pathology â¦@UCRiverside I stâ€¦ https://t.co/nysnBJHiYp
98,"Happiness is made up of small things. Small things like an AvoSeedo ...
.
.
.
#avocado #AvoSeedo #avocadoloveâ€¦ https://t.co/ka1I9GTCq4"
99,I hope my #avocado crop is not next.ğŸ˜³ğŸ˜Ÿ
100,"If you are passionate about #containers and want to build the future with us on behalf of customers, I am expandingâ€¦ https://t.co/FZRM7XmfOD"
101,"#Tropical #fruits #tropicalavocado #avocados #recipe #avocado Sliders with a kick, that's a spicy coleslaw with Floâ€¦ https://t.co/wLbryQGT1S"
102,"Do u like what u see ğŸ˜ğŸ˜ğŸ˜ click the link above to watch our latest video! 
.
.
#mukbang #cooking #salmon #cucmberâ€¦ https://t.co/ecDeIHy4zV"
103,@honestgreens #avocado #aguacate en honest greens https://t.co/ZGEAciHXFC
104,Satisfy your #cravings with #AvocadoCream the #dairyfree #healthyfat #avocado #dairysubstitute!â€¦ https://t.co/NqJYeg5rcZ
105,I started a Ko-fi Page! Ko-fi helps creators get support from fans of their work. Please support or follow my page!â€¦ https://t.co/kSo0EIaRLD
106,A Light and Refreshing Icy Avocado Smoothie to Start Your Day ğŸ¥‘ https://t.co/V47Ai2b0A7 #avocado #smoothieideasâ€¦ https://t.co/B4LmwFyFbO
107,Reading about this: #Avocado - Great For Natural #SkinCare #FrizeMedia #health - https://t.co/xSY6alIWot
108,Aussie Favorite- Healthy Avocado Smash for Breakfast https://t.co/XqSWn33u1Y #recipe #avocado #breakfast
109,"Happy Tasty TuesdayğŸ’š
For this week we have avocado soupğŸ¥‘ 
#ecoideas #vegan #recipe #avocado https://t.co/Adwpr23YbU"
110,The avocado is joined by their lemon friend! Follow along through October to see what happens next. #campingâ€¦ https://t.co/62MWUtUESY
111,"ğŸ½ï¸
Something I did not know! But seems fittingğŸ˜†
The word ""#avocado""ğŸ¥‘is derived from the Aztec word ""ahuacatl,"" meanâ€¦ https://t.co/60B3osrVjP"
112,Delicious ğŸ˜‹ salad ğŸ¥— and veggies ğŸŒ½ mix for dinner ğŸ½ #healthyfood #healthyeating #heathyliving #healthylifestyleâ€¦ https://t.co/Lk7iZENGEY
113,"Tacos are delicious any day of the week!  Whatâ€™s your favorite filling?
.
.
.
.
#pork #lovepork #tacotuesdayâ€¦ https://t.co/12wdW6eYGV"
114,"Avocado fries... reinvent the ordinary and make every day feel new!

#AvocadoFries #avocado #foodie #healthyâ€¦ https://t.co/p8RUEJJblF"
115,Boost your #beauty with this 18% deeply rich #Avocado oil #soap bar with raw Cocoa seed butter empowers your skin wâ€¦ https://t.co/IXeh1WzMYs
116,Awesome lyrics @VanessaMerrell and @veronicamerrell ! New wowsome parody by the @MerrellTwins !! #guacamoleâ€¦ https://t.co/Lq3OHS9dYT
117,How to Make Simple and Healthy Guacamole https://t.co/WJYJDaHTya #recipe #homemade #fresh #avocado #snack https://t.co/IMLi5GHPm4
118,Tending to my beets and #avocado plants. https://t.co/xdJUrGy3Zq
119,"Finally, we got the chance to work with larger trees! We have inoculated mature #avocado trees with the #LaurelWiltâ€¦ https://t.co/vV91aKH0An"
120,Well good morning to me!!! Most important meal of the day!! #breakfast #eggs #fetacheese #Fresh #avocado #beansâ€¦ https://t.co/q9A1Hc3Y9R
121,"#TuesdayToast s here,I'm sharing my 2ï¸âƒ£favourite #savorytoasts
1ï¸âƒ£
#Avocado #toast w/#fetacheese &amp; #pumpkinseeds. Lâ€¦ https://t.co/2oXyiVAJTv"
122,"Why are avocados good for our children?
.
.
.
#avocado #AvoSeedo #avocadolove #avocadolover #avocadoaddictâ€¦ https://t.co/M2qS3Lxh8y"
123,Tastings during office hours--we're not mad about it ğŸ˜ğŸ˜‹#Chef Giacomo is doing some #recipe research and developmentâ€¦ https://t.co/JIRakWGNPs
124,"Our Smoked Turkey Club with #avocado, bacon, provolone, lettuce, tomato &amp; whole wheat bread, served with waffle chiâ€¦ https://t.co/9xDPrEbiIm"
125,Captain Kidd and I found eleven avocados. How many did Captain Kidd find? #PiratePup #Florida #Avocado #CaptainKidd https://t.co/hgtNiOUtuX
126,#RwOt did you know that #Avocado is butter fruit that can help you to build strong body immunity? Below are fun facâ€¦ https://t.co/vSqe3yKYjC
127,Avocado Green Square Cordless Wall Clock is 25% off w/Zazzle code SEASONALSAVE!  Last Day!  Also available in Roundâ€¦ https://t.co/CcopELZbJN
128,"Breakfast! My homemade Vegan Butter on my homemade Bread, with some smashed avocado ğŸ˜Œ #veganbutter #avocado #veganâ€¦ https://t.co/zwV85NgIL2"
129,My people love me ğŸ¥° #avocado #avocados #guacamole https://t.co/qpfjjSW7Cy
130,Forget the old concept of soup ğŸ˜‹ğŸ˜‹ğŸ˜‹ https://t.co/mlb8NmTYbX #avocado #soup #pumpkin
131,"Angel City Brewery creates creamy, seasonal summer avocado #ale from locally-grown avocados to feature at theâ€¦ https://t.co/RAia2t6VYk"
132,"ğŸ¥‘ğŸ‹Avocados with a squeeze of Lemon = ğŸ˜‹ 
Thank you @crftedcom for sharing.
.
.
.
.
.
#lemon #avocado #lemonsqueezerâ€¦ https://t.co/I20rUsLSKE"
133,"A global #food obsessionâ€”catalyzed by #Millennial and #GenZ tastesâ€”disrupted food culture. Think: #Organic, #nonGMOâ€¦ https://t.co/5JCxAk2tz0"
134,So good I had to share! Check out all the items I'm loving on @Poshmarkapp from @PSbeautyqueen #poshmark #fashionâ€¦ https://t.co/5tVbYJKL8p
135,"DIY Japanese Face Mask for All Skin Types 

https://t.co/Dq9yc3jIID 

#facemask #skincare #secretweaponsâ€¦ https://t.co/3aXhC87y95"
136,#HappyTuesday #poachedeggs on toast with #avocado #brainfood #breakfast ğŸ˜€ğŸ¥‘ğŸ³ğŸ https://t.co/rO37XdGprM
137,@IETEF @LocalRootsNYC @RZA @breakfastblog @GeekyFriedRice #Avocado #Vegan #espresso #fit #HealthyLivingâ€¦ https://t.co/dxyIfXR0db
138,"Millennials everywhere, rejoice!

The Guinness World Record for the world's largest #avocado has recently been brokâ€¦ https://t.co/bqQteqeqVI"
139,@buzzfeednifty Here's my #avocado #tree! https://t.co/CpNnZssqME
140,Very cute and totally vegan! #hoildays #christmas #avocado #Vegan https://t.co/me4pHkK7RU
141,"âğ„ğ¬ğ¤ğğ¥ ğ²ğ¨ğ® ğğ«ğ®ğ§ğ¤!
                  ğ™‚ğ™šğ™© ğ™¤ğ™ªğ™© ğ™ğ™šğ™§ğ™š!â

âš”ï¸â†  Â¼ ğ¨ğŸ ğ­ğ¡ğ ğŠğšğğ« ğŒğ¨ğ«ğ¡ğğ§ ğ¬ğªğ®ğšğ

     âš”ï¸â†  ğ“ğ¡ğ ğ®ğ ğ¥ğ² ğ¨ğ§ğ

âš”ï¸â†  ğƒğğ¬ğœâ€¦ https://t.co/bnIzWfWqjX"
142,I started a Ko-fi Page! Ko-fi helps creators get support from fans of their work. Please support or follow my page!â€¦ https://t.co/BxMscrqXME
143,"What the story behind your smashed avo? Groundbreaking research... https://t.co/am0TLUg1Vq 

#avocado #foodagâ€¦ https://t.co/8Rf8b2IXcH"
144,#Plant-based #Avocado #Lunch #Salad #Shorts #YouTubeShorts #india... https://t.co/Ky2rFXRjnr via @YouTube
145,Morning #elevenseshour ğŸ‘‹this little guy is back in stock ğŸ„You might have heard of Ross from #friendsâ€¦ https://t.co/IaSRhLcGGI
146,"#tuesdayvibes: Cobb Salad, anyone? 

This one is a BEAST of a #salad! 

#food #foodie #health #healthcare #cookingâ€¦ https://t.co/9U0lRGfuAX"
147,The molecular reason #avocado toast tastes so good â¦@AvolutionFreshâ© â¦@AvocadosAuâ©  https://t.co/Szh0kdCryO
148,"What are we having for lunch? Maybe Prawn and Avocado salad, with Bacon and Eggs.
.
#YourSaladYourWay #SaladFreakâ€¦ https://t.co/1mek7bEFM9"
149,"Food Tech News: Cryogenic Avocado Trees, Vegans Take Over Television #foodtech #vegans #avocado #veganfood
https://t.co/i4JdBHMJf0"
150,"Vegan chickpea curry with a side of white rice and fresh avocado! ğŸ˜‹ğŸ´ğŸ¥‘

#veganblogging #chickpeas #curry #avocadoâ€¦ https://t.co/G5iylgLlhH"
151,A national #avocado research project headed by @DAFQld &amp; funded by @Hort_Au has found that #supplychain performanceâ€¦ https://t.co/G7HN414IIQ
152,Congrats to @GifmoPescatore and @CurlyDoobie for winning my book from @gloopdawgâ€™s stream yesterday! I have had a fâ€¦ https://t.co/zrrS5ZMVSY
153,Today is the day! Itâ€™s my birthday and the release of my very first book that I wrote and illustrated! Avocadude Siâ€¦ https://t.co/qFRmVqB4rn
154,".#lunch #today was a representative of the seven layer #burrito ğŸŒ¯

#rice 
#RefriedBeans 
#MonterreyJack #Cheese 
Diâ€¦ https://t.co/EnoSyUCz5x"
155,Champignon-pepper pasta sauce with fresh quinoa grain fusilli. Served with fresh balsamic-avocado. #DairyFreeâ€¦ https://t.co/BH3pj23Fqy
156,"Hass avocado seeds can be used to plant new trees, and every Hass avocado tree in the world will have the same mothâ€¦ https://t.co/OAbw0o5BWZ"
157,ğŸ“· How #MamawHutty likes avocado toast and how I like avocado toast ğŸ˜ me? Loaded! #avocado #toast #avocadotoastâ€¦ https://t.co/bx1FmGJvOs
158,How #MamawHutty likes avocado toast and how I like avocado toast ğŸ˜ me? Loaded! #avocado #toast #avocadotoastâ€¦ https://t.co/A9Un1n5aDi
159,@ShaanVP #Avocado ğŸ¥‘ toast with smoked salmon and boiled eggs ğŸ¥š
160,ğŸˆ #MondayNightFootball is not complete without #chipsandguac to munch on!â  ğŸ¥‘ğŸ”¥ https://t.co/gUMz6m2UWSâ€¦ https://t.co/h4Quf9n92c
161,"@BarbaraAnn1212 Tummy unwell. IMPROVISED:

Some #oatFlakes, Â½ sliced #banana; later Â¼ beaten #egg, dollop of #honeyâ€¦ https://t.co/2jGvrKAY8P"
162,Excited to share the latest addition to my #etsy shop: Vintage Boxed Pair of Dartington Retro Crystal Avocado Glassâ€¦ https://t.co/07RMx9wa2V
163,Idk but if you get a plain bagel and slap some jalapeno cream cheese on it and then add slices of avocados... It'sâ€¦ https://t.co/5sXVrIgPEp
164,"This Avocado Stuffed Chickpea Salad is savory with a dash of sweet, and it's the perfect #MeatlessMonday dish. Getâ€¦ https://t.co/8tOXaHvkdc"
165,"#Avocado, the Next Prominent Anti Prostate Cancer Functional Fruit, Scientists Say https://t.co/9LPTAaGrDa https://t.co/F829PZxYE2"
166,"Take your breakfast &amp; make it a salad! @bari_stricoff 's Avocado Lox Salad has all the goods: soft boiled eggs, smoâ€¦ https://t.co/q5FpR4d4H1"
167,Get stoked. Your good moments are leveling up into epic ones with our ALL NEW Ranch n' Avocado Turkey Club and Rancâ€¦ https://t.co/pV8BhbgN0C
168,"Come pay us a visit and get your guac fixğŸ¥‘ğŸ’š
Taco Tuesday is tomorrow so DM, TEXT, OR CALL to secure your Birria Tacâ€¦ https://t.co/3luG91cQ5N"
169,"Simple chocolate pudding with avocado! Has anyone already tried it?
.
.
.
#avocado #AvoSeedo #avocadoloverâ€¦ https://t.co/Jt6E6AZ65B"
170,Marketing your products or survives The right way is paramount to your business success! Make it a little easier onâ€¦ https://t.co/TrpfhGCkM8
171,We got it all covered here for vegans to omnivores! 10 Delish Taco Recipes To Celebrate National Taco Day #tacodayâ€¦ https://t.co/5LcamLZ8JG
172,"And for lunch avocado, sweetcorn, olives, sriracha and ryvita #winner #nutritioncoach1 #vegan #whatsforlunchâ€¦ https://t.co/nw5Y9RzKQK"
173,Latest big promo from @AvosFromMexico â€”hope you win :) Weâ€™re unlocking the door for a chance to win a NEW HOME wortâ€¦ https://t.co/mq4Qome2Rk
174,ğŸ“· #shrimp #salad with #avocado #avocadoğŸ¥‘ #shrimpsaladğŸ¤ #foodblogger #foodinspiration #foodphotography #foodstagramâ€¦ https://t.co/l407V7pqma
175,#shrimp #salad with #avocado #avocadoğŸ¥‘ #shrimpsaladğŸ¤ #foodblogger #foodinspiration #foodphotography #foodstagram laâ€¦ https://t.co/6ETj0PG38D
176,Avo great start to your morning with our 5-grain #glutenfree bread! ğŸ¥‘ ğŸ ğŸ³ #OMGItsGlutenFreeâ€¦ https://t.co/zSvnzQGSTo
177,"Can't eat avocado?

That's ok! You have options.

https://t.co/xr4T4Zo0uM

#Avocado
#FoodAllergies https://t.co/apnWHIX3sE"
178,#Chamomile &amp; #Geranium hand and nail balm is extremely moisturising #Avocado with organic Almond ensures that skinâ€¦ https://t.co/g0bTZBdoF2
179,My Cheesy Potato and Chipotle Breakfast Taquitos are pretty much the only thing you need for breakfast this fall. Câ€¦ https://t.co/gnbtwpkZYc
180,"#Avocado, the Best Fruit for Skin health https://t.co/oF7NwRMwzM https://t.co/XMZyjq5kzw"
181,"since last week it has been crazy : perfect avocado on perfect avocado !!! Whatâ€™s going on ??? YEAH !!!
.
.
.â€¦ https://t.co/UXzoOLkokv"
182,"Dog Days of Quarantine. ğŸ• ğŸ¶ 
.
.
.
#chihuahua #chihuahuasofinstagram #dogsofinstagram #dogs #avocadoâ€¦ https://t.co/iLDNbq2KRr"
183,"If youâ€™re going to get it in, get it right starting in the morning. Canâ€™t be passing out during the stream, need thâ€¦ https://t.co/66QuwulRQk"
184,"Avocado is a rich source of vitamins and fiber. Here are some of the health benefits of eating #avocado
ğŸ‘‡ğŸ‘‡
âœ… Greatâ€¦ https://t.co/csoAF3K5i5"
185,"My home magic garden . Avocado fruit .
#sweethome #avocado #fruit #bio #vegan #nature #green #color #exotic https://t.co/t59pR8VzoQ"
186,"ğŸ¥‘tasty, healthy, yummy, GOODğŸ‘ğŸ¥‘!! ğŸ‘‰ğŸ¼ https://t.co/izRlvrMjya  #avocado ğŸ¥‘ğŸ‘ https://t.co/6yyCVaR31g"
187,"New breakfast idea. Zucchini Eggs with Avocado. Add some hot sauce to make it ğŸ”¥
. 
. 
#foodie #breakfast #avocadoâ€¦ https://t.co/hOi0K3B39k"
188,"Watch #ROTTEN  on Netflix. 
For the Love of Money ğŸ’° companies and some people  will do anything. 
@netflix #cocoaâ€¦ https://t.co/vj8yNkSJJa"
189,Kickstarter starter -- that's Wasabi folks! #tunatartar #spicytuna #avocado #peashoots #saladcourse #platingskillsâ€¦ https://t.co/4Cm2ZsNPQI
190,"New breakfast idea. Zucchini Eggs with Avocado. Add some hot sauce to make it ğŸ”¥
. 
. 
#foodie #breakfast #avocadoâ€¦ https://t.co/MILYSxN7l1"
191,"@ComixVillain @MisterToyBear *looks up at Comix*

Yep #Avocado"
192,"@thumbprintsoap @DrFrankLipman 1st #Avocado Oil  -the highest point smoke. Almost twice as much as coconut oil.

2nâ€¦ https://t.co/bD6ESLPNFi"
193,The average price of #Avocado increased by 9% compared to 2018/19. https://t.co/xyY1LUQSPl
194,ğŸ¥‘ Today our colleagues JosÃ© Manuel Jurado and Richi Menoyo are receiving one of our arrivals of this rich exotic frâ€¦ https://t.co/6FRSDMd9XN
195,"It is recommended certain foods that help us recharge, such as #avocado a food rich in potassium, a essential minerâ€¦ https://t.co/hxH1yPFNNQ"
196,"You can now register for FRUIT ATTRACTION 2020, from 01-10 To 31-10, organised by https://t.co/T7ce7jGfTv 

We areâ€¦ https://t.co/r7UMxwA02J"
197,"Let's start the working week with a little bit of green ğŸŒ¿. 
#aaronsavo continues to astonish. This was an avocado sâ€¦ https://t.co/lZbxMcBFBo"
198,Healthy Meals for Children - https://t.co/aYEIobipLU . #UnitedStates #germany #Europe #Health #healthcareâ€¦ https://t.co/i1W0UQhnC7
199,"The result from an impluse bought item... black beans. 
Ãˆt voila!!! Black beans, avocado and tomatoe salada, just wâ€¦ https://t.co/pyXvJeVl6B"
200,"Mondays ğŸ˜‹â¤ï¸ @SEBGroup London HQ @VacherinLondon @OleksiyB  Spanish style #breakfast this morning with chorizo, spinâ€¦ https://t.co/qqwL8Ps6mX"
201,Post marathon breakfast. #Avocado #Lemon #Toast #StreakyBacon #PoachedEgg #Fit #BreakfastOfChampions https://t.co/51A2aSivBQ
202,#PlanBee has been collecting data on #honeybee foraging during #avocado pollination @nadine_ncc @beeLizFrostâ€¦ https://t.co/1VZkvTIwkg
203,Salsa #leftovers ğŸ˜with #bloodorange ğŸ§¡and #avocadoğŸ¥‘ ğŸ’šğŸŒ¶ğŸ˜‹ https://t.co/r1cJCzXBP5
204,I used to love watching my #grandfather do yard work! with his #machete always handy he would hand me #sugarcaneâ€¦ https://t.co/uT9SNSgDHS
205,"Some of us enjoy durian, but some of us don't 
It's ok, we have Mango 3D popsicle as well! Musang Wang is a healthyâ€¦ https://t.co/1pFHsogSaa"
206,How about a positive start to the week with some delicious breakfast + avocado on some delicious whole wheat sourdoâ€¦ https://t.co/uTkfdX8pi8
207,Eating healthy ...eating clean! #SalmonPastaBowl goal: lean in 90 days Thank you @vshred for the inspiration &amp; planâ€¦ https://t.co/PBlLRPD4fs
208,"Happy National Taco Day! 
Carnitas and shrimp tacos to celebrate ğŸ‰
ğŸ¥‘
#tacos #carnitas #shrimp #avocadoâ€¦ https://t.co/9Q9TcouwBI"
209,"Tacos for breakfast?   Definitely Yes!!
#bacon #eggs #pico #potatoes #avocado #tasty @ Vitality Chiropractic https://t.co/epZxmARRwI"
210,"Tytus is making Guacamole in our next video...look for it Tuesday! 
#TheBcookinShow
#guacamole #avocado #TacoTuesday https://t.co/MO1uEqVRLq"
211,Reading about this: #Avocado - Great For Natural #SkinCare #FrizeMedia #health - https://t.co/4kHf9XdJaCâ€¦ https://t.co/R2PpqJmTY3
212,"Tonight! Sunday Night Supper for pickup/delivery/dine in for October 4, 5-9:30 pm
â€¢ #Beet &amp; #avocado salad with oliâ€¦ https://t.co/px73tKcTX7"
213,Crispy rice with Tuna and Avocado #nyc #nycdining #outdoordining #indoordining #crispyrice #tuna #avocado #sushiâ€¦ https://t.co/elzM5sPYIV
214,"In case anyone was wondering, if you donâ€™t have a food processor and are in need of a fast way to mash that delicioâ€¦ https://t.co/r5rmmQ6QxL"
215,"Itâ€™s #NationalTacoDay!

We're celebrating in the shade with Crispy Fish #Tacos; beer-battered mahi mahi, cabbage slâ€¦ https://t.co/iJmCzUmB5l"
216,@DarrenHealy15 #avocado? Genuinely thought that was an in joke for Villa fans or something ğŸ˜‚
217,#avocado? ğŸ™ˆ Should be #avfc
218,After u eat and then see the #avocado you missed sitting over thereğŸ˜© #Iforgot https://t.co/djLjPuR2VG
219,"Fried Eggs, Avocado, Bacon ğŸ”¥

#simple #ingredients #eatrealfood #homechef #cookathome #bacon #eggs #avocado https://t.co/loqYZgzKvA"
220,"Forget taco Tuesday, its National Taco Day today ğŸ˜and Iâ€™ve got two awesome ğ™¹ğšğš›ğš” ğš‚ğš‘ğš›ğš’ğš–ğš™ ğŸ¤ ğšƒğšŠğšŒğš˜ ğšğšğšŒğš’ğš™ğšğšœ for you. ğŸŒ® ğŸ¥‘â€¦ https://t.co/5TmV1GywbC"
221,Is this actually happening!? ğŸ˜‚ #avocado
222,"What's an ""ovacado""? #avocado https://t.co/iXPhViUjGP"
223,"Keeping an eye on my Sunday brunch ğŸ‘€ğŸ¥‘
~~~
#sunday #brunch #friends #milan #hygge #avocado #portrait #selfcare @ Hygâ€¦ https://t.co/1KX4plIiSo"
224,Healthy Avocado Smash for Breakfast an Australian Favorite https://t.co/XqSWn33u1Y #avocado #breakfastâ€¦ https://t.co/XYqQJbHXM4
225,Avocado &amp; Eggplant taken to The Next Level ğŸ’š So Damn Good!! Itâ€™s What We Do!! AvoGanoush #vegan #avocadoâ€¦ https://t.co/VS5N6PFxna
226,Get my art printed on awesome products. Support me at Redbubble #RBandME: 'Avocado' Sticker by LudlumDesignâ€¦ https://t.co/zv6gAe8kHf
227,"Avocados are great for lowering blood sugar and helping manage diabetes, but did you know they're good for your heaâ€¦ https://t.co/jJ9pbIuNsM"
228,Happy Sunday!! #smoothie #springwater #appples #avocado #mango #spinach #bananas #seamossgel #greenteağŸµğŸƒâ€¦ https://t.co/KbAPfIikmw
229,"How To Keep Your #Avocado Plant Alive - #Growyourown avocado tree!

https://t.co/kdcW16TcMg"
230,"#Avocado #skirt on #Redbubble.com.

https://t.co/AZBVFxHVVf https://t.co/dEkzt1MIh9"
231,Want some inspiration for how you can use up those avocados? Try these delicious stuffed #avocado #recipes.â€¦ https://t.co/ZGIsO3Hlta
232,Early lunch in the Clubhouse @RedMileHarness! Outstanding! #ChickenSalad #HeirloomTomatoes #Avocado https://t.co/0yDObexbt4
233,#Vegan Mexican Chopped #Salad with #Avocado Cilantro Dressing https://t.co/qI2VGwxgMu via @debsmikdav1
234,"But with guacamole. Happy #NationalTacoDay! 
#LoveOneToday #AvocadoLove #Avocado #Taco #Guacamole https://t.co/6EwNS7trZK"
235,Egg on avocado and toast.. heaven #Foodie #avocado #eggs #egg #healthy #healthyFood https://t.co/KvEl5FMkHb
236,"#Avocado, the Natural Sources of Antioxidants Against Lipids, Proteins and Cells DNA Damage https://t.co/BTTfqyvx2t https://t.co/JV4OmGbbfH"
237,Another lovely brunch today at Wolfox 10/10. #brunch #avocado #coffee #smoothie #leeds https://t.co/u417pbIE7p
238,"I couldnâ€™t eat my breakfast fast enough this morning. So good!!
#quinoa #avocado #verdesalsa 
#ilikefood https://t.co/jkcE1CsT00"
239,"#chiliconcarne made with #avocado, dark chocolate and fresh #cilantro #sunday @ Horgen, Switzerland https://t.co/SA8wAKUUNV"
240,"Avocados are a superfruit when it comes to nutrition, not many people talk about the rest of the plant.

It turns oâ€¦ https://t.co/h5gN9FVTjO"
241,So good I had to share! Check out all the items I'm loving on @Poshmarkapp #poshmark #fashion #style #shopmyclosetâ€¦ https://t.co/zwrfYmyewZ
242,"As amazing as avocados are, they can be a pain to keep fresh. 

Find out how to keep your #avocado green in the linâ€¦ https://t.co/gsg3ntbZwO"
243,Breakfast anyone? Smashed avocado with poached egg for breakfast? Try adding a sprinkling of feta cheese to jazz itâ€¦ https://t.co/QtDDgxcQKs
244,"As amazing as avocados are, they can be a pain to keep fresh. 

Find out how to keep your #avocado green in the linâ€¦ https://t.co/qjhVyNhjGh"
245,"Angel City Brewery creates creamy, seasonal summer avocado #ale from locally-grown avocados to feature at theâ€¦ https://t.co/x7scfMCfpk"
246,Healthy Meals for Children - https://t.co/aYEIobipLU . #UnitedStates #germany #Europe #Health #healthcareâ€¦ https://t.co/Ke0RdV6d1v
247,"Sundays are made for someone else to cook you breakfast! Open from 9am, our full breakfast menu is served until 3pmâ€¦ https://t.co/h6TeP1YMEr"
248,"6 Ways to Avocado! Try IT OUT NOW!

#justdostayfit #justfitbangladesh #justfithealthandnutritionbites #avocadoâ€¦ https://t.co/6pst9uC0iB"
249,"Finished the 3rd prompt #avocado for #hilltober 
I used @PrismacolorUS markers for this #artchallenge 
#goodvibesâ€¦ https://t.co/3H8nGIbOtQ"
250,"@acheatingvegan the creaminess of the #guacamole (or pureed #avocado - take your pick) really adds to the #taco 

wâ€¦ https://t.co/L6RCTlWr2b"
251,I #hope you like #avocado . Watch how I build the texture off the #canvas on my upcoming #painting . Pushing for thâ€¦ https://t.co/GTBUhmqw04
252,"too much black pepper on the avocado toast accidentally ğŸ¥‘ğŸ¥‘ğŸ¥‘ğŸğŸ³

#Avocado 
#ã‚¢ãƒœã‚«ãƒ‰ https://t.co/JC8S4nEIyj"
253,"Boops for days. #avocado

https://t.co/9u10U8U37y https://t.co/E5rX4grDxq"
254,"Fruits to naturally burn fat.

ğŸ… Tomatoes.

ğŸµ Avocados.

ğŸŠ Oranges.

ğŸ‰ Watermelons.

ğŸ“ Strawberries.

ğŸ Guava.

ğŸ‹ Lâ€¦ https://t.co/S14yNkHHmN"
255,Is omega 3 of a #avocado toast your issue or a millennial who can't remember that they look like a #CougarNation coâ€¦ https://t.co/Wm5Ba6OEJk
256,More #Blockchain #agtech news from Australia. Three Aussie primary sector value chains: #Avocado #wheat #beef withâ€¦ https://t.co/aaqZNbAZgR
257,"The concept of #NutrientDensity is deeply rooted in #science.

#Health experts recommend eating a #nutrient-denseâ€¦ https://t.co/3CfcKwnmJz"
258,"Breakfast: a kiwi classic, bacon, eggs and avo. Beautiful! (Also fruit salad and coffee) 
.
.
.
#breakfastâ€¦ https://t.co/ULtFLG94Bg"
259,"It's 88 degree Fahrenheit 31 Celsius in Honolulu. A good time for a bowl of cold avocado soup, garnished with cilanâ€¦ https://t.co/DNXihXuO8l"
260,Black Beans and Corn Salad!! Inspired by @dinneratthezoo #blackbeans #corn #tomato #avocado #cilantro #redonionsâ€¦ https://t.co/qcMtglqhwK
261,Just your run-of-the-mill avocado toast... #nooch #avocado #avocadotoast #vegan #earthbalanceveganbutter https://t.co/ho7LIenihh
262,#goodmoments #food #bowls #poke #rice #salmon #wakame #sesameseeds #avocado #soysauce #carrot #fun #feeling #relaxâ€¦ https://t.co/l7I6SQ1zRO
263,"Coffee is one of #Kenyaâ€™s most important cash crops, but it requires lots of water and much #coffee is lost to drouâ€¦ https://t.co/TcDhHTR3w8"
264,"#NutrientDensity is deeply rooted in #science.

#Health experts recommend eating a #nutrient-dense #diet for a wideâ€¦ https://t.co/V7dCcgrxQx"
265,Today was a fruitful day! ğŸ˜ #avocado #growyourfood #lovinglife #greatdaysaremade #cantkillmyvibe https://t.co/GAju5YRSdc
266,"#Chill is presenting today's prompt of #hilltober to our underwater friends #avocado :D
10 brownie points if you geâ€¦ https://t.co/k4UYEDRlUL"
267,"@yucatanguac  chunky yes, pits no.    One big chunk of avocado pit sitting in my guacamole.  Love this stuff but wiâ€¦ https://t.co/Op8odOjZ6d"
268,"Want an easy, delicious Mexican #soup that only takes 15 minutes to make? Grab my recipe! https://t.co/UfdUJAxkLL Tâ€¦ https://t.co/1WCHX3iJTu"
269,"This healthy, delicious, #vegan Mexican Chopped #Salad with #Avocado #Cilantro Dressing is packed with fiber-rich bâ€¦ https://t.co/J6hDuaoadk"
270,#FullCreamLife breakfast in bed! Cheese wrapped #bacon bites with #avocado on the side ğŸ‘Œ https://t.co/VK7JbRDgKS
271,"https://t.co/FZqopAUgnc
Moist up your hands and give your hands the luxury life they deserveâ¤ğŸ¥°ğŸ‘ğŸ¤²ğŸ™Œ #scentsyâ€¦ https://t.co/GADrtBA8Gd"
272,"For your orders and inquiries, send us a DM or call/whatsapp on 08036093881.

Our delivery service is available forâ€¦ https://t.co/3FDp382pj3"
273,"#Avocado #dress on #Redbubble.com

https://t.co/LPUyzrQvCP https://t.co/UxjhUS4VwL"
274,The #lockdownavocado ğŸ¥‘ is all grown up and now has a new home in soil after spending its life so far growing in a pâ€¦ https://t.co/sJydNp0VuF
275,I canâ€™t believe how much this little avocado plant ğŸ¥‘ is growing! #plantlife #avocado #avocadotree #growingplantsâ€¦ https://t.co/WOvrWty14y
276,HAVE YOU TRIED THIS GREAT TASTING WAX YET BY #AVOCADO #EXTRACTS ??! THIS WAX IS A SUGAR #DIAMOND LIKE CONCENTRATE Tâ€¦ https://t.co/sUCQSDFwI2
277,"Good morning! Grilled breakfast sandwich with egg, ham, avocado, and melted cheese on brioche. #brekkieâ€¦ https://t.co/TSdraivmun"
278,"How to make the perfect avocado toast. https://t.co/WEVYUzULdw 

#healthybreakfast  #SaturdayMorning #recipeâ€¦ https://t.co/RZJLDKcpGi"
279,Harvest time! Collecting branches of #avocado trees inoculated with the #LaurelWilt pathogen to assess the spread oâ€¦ https://t.co/uWTkSbGw98
280,Here are todayâ€™s lunch specials! 941-964-2610 #avocado #temptingfood #boca @ The Temptation Restaurant https://t.co/solNTPiJG4
281,"Avocado definition: An avocado is a fruit with a thick green skin and mild, creamy flesh. Who agrees?
.
.
.â€¦ https://t.co/7Kn1AieWpn"
282,#avocado appreciation https://t.co/14FddU3hlC
283,@smoicles Yummies  #avocado
284,#eggs #avocado Never seen such tiny #avocados They're adorable https://t.co/PE199H3eyC
285,"Calling all avocado lovers! Smashed avocado, goatâ€™s cheese, roasted cherry tomatoes, radish, and balsamic glaze onâ€¦ https://t.co/RGUrUOsS6D"
286,I love the colour of new #avocado #leaves ğŸ¥‘ğŸŒ¿ #plant #houseplant @ Dunshaughlin https://t.co/6DMv4eBAyj
287,Wake Up and Get Quality #Nutrition Info @southrnbrat4u @nowroozyani @QweenZamunda @DavidGMiley @DavidAylorâ€¦ https://t.co/tZgiA36tnm
288,"God I love #beetroot do you? 
â€¢
â€¢
â€¢
â€¢
â€¢
â€¢

#easypeasylemonsqueezy #healthy #healthyfood #healthyrecipesâ€¦ https://t.co/Kc7EpgxX7L"
289,"Lunch of dreams. Home made guacamole on toast with avocado, coriander, home grown tomatoes, pepper, spring onions,â€¦ https://t.co/2ijCjNs0CG"
290,"@DrSoucMusic My Bircher muesli ...itâ€™s full of nuts, chia seeds and berries for summer 

Winter - my savoury pancakâ€¦ https://t.co/OgVhKYqnZb"
291,"Avocado looking at Mirror- "" You are Fat, But you are Good Fat. ""

#avocado #nutrition #fruits"
292,"Like our fruit ice cream? Now have a Good news for you
In addition to buying our products in online
Now you also caâ€¦ https://t.co/L20mYID94w"
293,"Letâ€™s have a juicy watermelon in the hot summer
If you want to buy watermelon must find UNITQï¼
#unitqfarm  #paknisâ€¦ https://t.co/ROz2dhfdog"
294,"Wishing us a long life to share the graceful moonlight, though thousands of miles apart.
#unitqfarm  #paknisâ€¦ https://t.co/9r3r4uTYa6"
295,Breakfast muffin from @getfitbox_ #muffin #chicken #avocadoğŸ¥‘ #eggğŸ³ #hollandaise #healthyish #yummy #localâ€¦ https://t.co/zNaRUUEk9J
296,ğŸ˜‹ğŸ˜‹ breakfast #foodofinsta #breakfast #poachedeggs #avocado #radgecrumpetthings #runningfuel https://t.co/f5wX6Vwmaw
297,"A guacamole sort of morning ğŸ¥‘ 
Avocados are amazing! They increase circulation, boost immunity, regulate metabolismâ€¦ https://t.co/JgAEiv59GC"
298,Some delicious poached eggs with avocado toast ğŸ¥‘ for a great start to the day â˜€ï¸ #Breakfast #GoodMorningâ€¦ https://t.co/15iT3jsqDI
299,Itâ€™s Not Easy Being Green | #Jiinju #Avocado Sheet Mask https://t.co/h4BjP8tcJV #avocadosheetmask #face #healthbeauty #korean #sheetmask
300,Introducing #breakfast - #avocado #glazedbacon and #onsentamago https://t.co/bjdCNQbgJT
301,"#roadtrip dinner. Donâ€™t worry, weâ€™ve already entered the property market, we can afford the avocado. And we broughtâ€¦ https://t.co/znJ4AEJNcD"
302,"Get ready to raid your fridge to make this easy, protein-packed breakfast! Use up that avocado, some boiled eggs, câ€¦ https://t.co/G9LXVy88qw"
303,"Another wooden ball?!...Would it kill Avocado makers to put a different toy inside?!....
.
ğŸŒ±
.
#avocadoâ€¦ https://t.co/TMZRxZWoQ7"
304,These deliciously adorable #Avocado #coasters add the perfect pop of color to your #tabledecor! ğŸ¥‘ Each #coaster isâ€¦ https://t.co/v4PlOCQlRz
305,"Stuffed Capsicum Quinoa Recipe
Recipe Link ; https://t.co/BMLUEVs7LW

#quinoa #vegan #healthyfood #food #healthyâ€¦ https://t.co/QeQmwzhmQz"
306,Sage &amp; AvocadoHand SoapğŸ’š #handsoap #sage #decor #avocado #decor #bathroom #home #cleaning #sanitizer #sanitizeâ€¦ https://t.co/tVMSAYYzar
307,"It's not cold yet, but if you're in the mood for a soup... ğŸ’š  
#Soup #Avocado #Cucumber #Gazpacho  https://t.co/1UQ1hL6irm"
308,#IrvineCertifiedFarmersMarket is #Open #Saturday from 8-Noon at @marinerschurch #walkthrough market you will #loveâ€¦ https://t.co/H8rkbEZXBE
309,Broiled Fish Tacos with Avocado-Grapefruit Salsa - from Simply Citrus by Marie Asselin (@foodnouveau) (#ad) - Loveâ€¦ https://t.co/mGQwvTPLwG
310,"What all does the color pink agree with? Comment below!
.
.
.
#avocado #AvoSeedo #avocadolove #avocadoloverâ€¦ https://t.co/LoDefIHnMR"
311,"#Avocado #skirt on #Redbubble.com

https://t.co/AZBVFxqkwF https://t.co/H2EABcQJcw"
312,"My Ginger Spicy pickled Red Onions mix in well with #avocado and tastes great. .@BestRecipesUK
  .@thiswritersaysâ€¦ https://t.co/GSFXl8RlKB"
313,Need a tasty lunch that only takes 30 minutes? Here is the perfect recipe for Chicken Avocado Burritos.â€¦ https://t.co/YnFFx9q6o1
314,"What is your favorite way to eat avocado? Avocado toast, sliced into salad, and home-made guacamole are some favoriâ€¦ https://t.co/sJZFY4b8AO"
315,"ğŸ¥‘Before we created #LobaMane Transformative #hairmask, we were fans of the #avocado #homemade mask, but it made ourâ€¦ https://t.co/CfanayenGc"
316,"Look at the leaves of my Avocado plant ğŸ¥°
#Avocado https://t.co/XDcYtvHoN2"
317,Made guac today because I could. ğŸ™‚ #guac #avocado
318,20 Foods You Should Never ... - https://t.co/4hK0bwy33E - #Apples #Asparagus #Avocado #Bananas #Broccoliâ€¦ https://t.co/fIaDmrqEKb
319,@Nigella_Lawson enjoying her #avocado experimentation and admiring her stairs on #simplynigella
320,"#Mango, #banana ,#peach ,#blueberries #oranges, #lime and #avocado #smoothie Inspired by #Dr.Sebi  Got to get to geâ€¦ https://t.co/hfbna6Y1rj"
321,ğŸ“· Yummy and creamy shake for lunch today! #veganvanillaprotein #concordgrapes #fig #avocadoğŸ¥‘ #cleanprotein #yummyğŸ˜‹ğŸ˜‹â€¦ https://t.co/GMocGtkrXz
322,"Yummy and creamy shake for lunch today!
#veganvanillaprotein #concordgrapes #fig #avocadoğŸ¥‘ #cleanprotein #yummyğŸ˜‹ğŸ˜‹ https://t.co/EyP1XVVgH9"
323,Super cute food resin fbs @kiki_squirrel #fruit #chocolate #kawaii #cute #flatback #avocado #pineapple #cherryâ€¦ https://t.co/2u3MzDjsc4
324,Oh this #sourdough #everythingbagelseasoning is a perfect #canvas for some #breakfast with my #coffee todayâ€¦ https://t.co/2u6dStwnxQ
325,"Struggling to stay focused? It is said that adding avocado to your diet will help you improve your focus.
.
.
.â€¦ https://t.co/vRD5GbfQqp"
326,#avocado #LaurelWilt Packed AC Greenhouse! ğŸ¥‘ğŸ¤“ https://t.co/V8bxcPyhOC
327,Sliced er' up. Let's eat! Breakfast quesadilla in a cast iron skillet. Scrambled eggs. Cheese. Avocado. Happy Fridaâ€¦ https://t.co/LXj1S8tiQo
328,Breakfast quesadilla in a cast iron skillet. Scrambled eggs. Cheese. Avocado. Happy Friday! âœ¨ #breakfastâ€¦ https://t.co/t9qAYzmTZe
329,Healthy and Easy Guacamole Recipe. ğŸ¥‘ğŸ‘‡ğŸ¾ #Avocado #Guacamole #RecipeofTheDay #Recipes #PrintableRecipes #Health #Dietâ€¦ https://t.co/elmvQp3pjU
330,Love Cats?ğŸ± Love Avocados?ğŸ¥‘ Well now you can love both at the same time with SnugArooz new Avocato! Perfect for plaâ€¦ https://t.co/HK867dQYR6
331,Itâ€™s been a while since Iâ€™ve avocadoed you ğŸ˜…ğŸ™ƒ Get ready because I see plenty of fruits in my tree ğŸ¥° Link for last mâ€¦ https://t.co/iia9oHhsHD
332,This #avocado meets the requirements for harvest.  It is â€˜Choquetteâ€™ just shy of 5â€ in diameter and 38 oz.  In abouâ€¦ https://t.co/pn5EmtiRbv
333,"Healthy fats, especially Omega-3 assists in keeping estrogen levels balanced.

Avocados help to balance cortisol, iâ€¦ https://t.co/BtoIuQkEzS"
334,ğŸ¥‘ğŸ¥“ğŸ” NEW! Avocado Bacon Burger with Sriracha-Ranch sauce now available for a limited time only. It's avocadOMMMGâ€¼ï¸â€¦ https://t.co/fLMxB6mm1W
335,"Fridays are for brunching ğŸ¥‘ğŸ½ #avocado #brunch #HappyFriday 
https://t.co/fFMpqptDp4 https://t.co/kAvVJfqgYh"
336,"35% off this item today!
#motocross #penguins #avocado #patterns #alloverprint #apprel #discount #offers #Society6â€¦ https://t.co/MX29c4wuFt"
337,"How to do cultivation of avocado: https://t.co/yhJjkGVWk9 
#avocado #cultivationguide #krishiblog #idianfarmers #krishibazaar"
338,"Here are our 4 favorite dishes made with Avocado.
Which one is  your favorite?

#Foodxp #Avocado #AvocadoDishes https://t.co/GLbdn2Co8s"
339,"What do you really know about avocados?From oils to salads, toast and even ice cream! It's the fruit that does it aâ€¦ https://t.co/Uzgm2Y2SE5"
340,Slightly burnt the toast but the egg is perfect! ğŸ¥š#winnerwinner #breakfast #avocado #egg #limejuice #chilli ğŸ˜›ğŸ˜› https://t.co/vCAkxBCPji
341,"#Avocado Oil vs #Olive Oil. We use both in our house. 
https://t.co/CSxozcJaKq"
342,Kenyan farmers turn to #avocado as it requires less attention and maintenance during the widespread drought in theâ€¦ https://t.co/nAFqleQiPh
343,Growing an #avocado tree in a pot can be a great way to better control conditions for your plant. Here are tips forâ€¦ https://t.co/KrJKxB1m5R
344,"Breakfast! Simple but delicious ğŸ˜‹ 

Toasted sourdough, lemon drizzled avocado, tomato slices and fresh basil ğŸŒ¿ 

Enâ€¦ https://t.co/4XST3NUVeJ"
345,"""ocean eyes""
Made a @billieeilish fanart.. Hope she loves itğŸ˜Š

#BillieEilish #avocado https://t.co/w2EQoTCBMy"
346,"Friday breakfast with grandma ğŸ‘µğŸ¼ 
@kaffebaren_kba #kaffebaren #kaffebaren_kba #breakfast #phoneeatsfirst #yummyâ€¦ https://t.co/m8rxyhq59q"
347,"Using your AvoMeter to determine if you should be having avocado toast for brunch or saving for a home deposit.ğŸ˜‰
Mmâ€¦ https://t.co/536su96UeZ"
348,"#goodmorning 
#proteinbread from @allnutrition with #skyr #avocado #ham #tomato and #sesame 
#breakfast #fitfamilyâ€¦ https://t.co/ko2qhkK4td"
349,The #REVERSO reversible fan range provides efficient and economic air movement technology and full user-controllabiâ€¦ https://t.co/Ai3YsdU72L
350,#Chamomile &amp; #Geranium hand and nail balm is extremely moisturising #Avocado with organic Almond ensures that skinâ€¦ https://t.co/KvROSizAHI
351,Do you know where your #avocado comes from? Find out how a new partnership between #Mastercard and @FreshSupplyCoAUâ€¦ https://t.co/p59PAsLpCf
352,"It was time to pop my avo in a pot. 
For some reason that made me a little sad so I decided to create a memory of mâ€¦ https://t.co/F8H8fRZS7G"
353,Here are 8 delicious #avocado snacks to impress your guests. https://t.co/ZaxTRQTVTZ @avoseedo #avocadorecipes #healthy
354,"Effective Keto Fruits for Your Overweight!!
VisitğŸŒ for Details: https://t.co/n8eWh4UuQM

#keto #ketodiet #ketofoodsâ€¦ https://t.co/pWif4GJKiY"
355,#happy #world #vegetarian #day #airfried #gardein #cheese #salsa #quesadilla with #avocado #fries or #salad https://t.co/h8a7hS8ky3
356,"*turns on zoom call*
""you see, here at Nasa, we like to innovate, we've sent man to space, y'know what we haven't sâ€¦ https://t.co/rhn2Y2grv2"
357,"Our avocado sandwich was just delicious!
We made it with our sweet heirloom tomatoes &amp; Greek  olives on ourâ€¦ https://t.co/AxqapBoC2u"
358,We love avocado! And hereâ€™s why: https://t.co/HtHeDUwH2y Do you? #avocado #loveonetoday https://t.co/3AxGTcpsFE
359,"Even kids love AvoSeedo! Plant your tree now!
.
.
.
#avocado #AvoSeedo #avocadolove #avocadolover #avocadoaddictâ€¦ https://t.co/r2riVEGLYs"
360,Want to live close to #avocado ice cream or #cauliflower #pizzacrust? It's gonna cost you. But how much to live aboâ€¦ https://t.co/TJa3jMDxzp
361,"Who owes you food?ğŸ˜
.
â€¢Mangocado saladâ€¢
.
We are also talking phone orders for pickup at 914-230-4390ğŸ”¥ 
.
.â€¦ https://t.co/7hJbxN399g"
362,"Daily, Easy, Tasty updated
Toast with avocado, eggs and cheese: https://t.co/GziQwhSPlu

#toast #avocado #eggsâ€¦ https://t.co/FhwbTL8kd3"
363,"White beans mashed with ripe #avocado and blended with sharp Cheddar and onion makes an incredibly rich, flavorfulâ€¦ https://t.co/2g7ZNTo4V6"
364,#Haveacado #avocado this #costume is too cute and only $8.99. #goodwill #goodwillfinds #thriftyisniftyâ€¦ https://t.co/B9Jc01zEJz
365,#Haveacado #avocado thia coatume is too cute and only $8.99. #goodwill #goodwillfinds #thriftyisniftyâ€¦ https://t.co/XIBEnQukwr
366,Halibut tacos = another pescatarian delight for supper complete w/CSA cabbage for the slaw (Should've remembered thâ€¦ https://t.co/q4ZvIHV6SH
367,"@HirstRj Like this? 

#Psychopy #Psychology #OpenScience #music #video #trailer #cute #sunset #avocado"
368,Follow along with me through October to see what happens next on this avocadoâ€™s travels through the salad forest.Â â€¦ https://t.co/HPZOu2JGpL
369,"As happy as I am to proclaim that the #avocado in my house is finally ripe, I know there are so many more things inâ€¦ https://t.co/cWAAMSDjET"
370,"Avocados are rich in nutrients and can be extremely beneficial for the health of your skin.

Experience the many beâ€¦ https://t.co/RNNwzhcbpQ"
371,Thought I would bump up this up before @FinalSpace &amp; @OlanRogers announces the winners for the #finalspacegiveawayâ€¦ https://t.co/PQOZ5pl9r4
372,Thursday's breakfast and lunch plus n Uplift to keep me going as struggling due to my hospital appointment yesterdaâ€¦ https://t.co/s98LQZk3pL
373,"Hands up if you love Avocado âœ‹
https://t.co/fLqAgMk2l3 #pins #PinBadges #avocado #Vegan https://t.co/HeQCrJz7Aw"
374,"How to make the BEST #AvocadoToast 

https://t.co/5L9HOZh0OU

#food #foodie #avocado #brunch #HealthyFoodâ€¦ https://t.co/yLC5FWBFPA"
375,"The world is a little blurry or maybe it's my eyes. 
.
.
.
.
.
#angeljlopez  #fashionillustration #ilustraciÃ³nâ€¦ https://t.co/y1G7WIyag2"
376,"It comes from abroad, though not for everyone... the last time I checked an #Avocado costed 500 Afs...
A food, perhâ€¦ https://t.co/CMkXigqQId"
377,"The 8-0-5 is in the house! Bloomberg TV is speaking with Steve Barnard of Mission Produce out of #Oxnard, Californiâ€¦ https://t.co/DIV9Fnl6cb"
378,#Avocado ğŸ¥‘ğŸ¥‘apocalypse averted thanks to deep-freeze breakthrough: University of Queensland (@UQ_News) PhD student Câ€¦ https://t.co/zpoOqLbPe7
379,The APAC #avocado oil market is expected to grow from US$ 148.32 million in 2018 to US$ 342.73 million by 2027 it iâ€¦ https://t.co/VFXnfPx2VA
380,ğŸŒ¬I be press for #avocado ğŸ¤¤
381,ğŸ“· Some babies in the making: #ivy #syngonium #avocado #dumbcane #monstera #arrowhead #hibiscus #propagate #rootsâ€¦ https://t.co/2sQLAt6oly
382,"You might be surprised to know that though not a selection in jarred baby food, avocado is an excellent first foodâ€¦ https://t.co/rjHCN82olY"
383,"If youâ€™re looking for an #aphrodisiac, ignore your #boudoir &amp; peek inside your kitchen cupboard! One of the most faâ€¦ https://t.co/YqMpooirH9"
384,But I want avocado now! Stupid garden. #avocado #gardeningdisapointment https://t.co/ffHCtiHHzb
385,"Energy boosting!ğŸµ
.
.
.
#avocado #AvoSeedo #avocadolove #avocadolover #avocadoaddict #avocadobeauty #perfectavocadoâ€¦ https://t.co/QOQ1QRmCqn"
386,Another day another rice bowl. #itadakimasu #avocado #sailormoon #riceislife https://t.co/4ULnSWhGzM
387,"#avocado   delicious   very healthy   great potassium and omega 3

Very dangerous to grow for the environment and aâ€¦ https://t.co/49s8lSyvpf"
388,"#Avocado adds flavor and texture to a salad, but it also boosts the absorption of fat-soluble nutrients, includingâ€¦ https://t.co/Z66MTq7JKL"
389,ating an #avocado a day helps ur #liver by increasing levels of #antioxidant glutathione/GSH:â€¦ https://t.co/C9sV52LCV2
390,"Certain foods have been proven to positively affect your baby's memory and capacity to learn.
#FoodPreventionâ€¦ https://t.co/zQgMbj0BZm"
391,Ready for a snack? Try this gorgeous variation on #avocado on toast.... #recipes #healthyfood https://t.co/VWfN1rrZBm
392,"When yuh fren call and tell yuh, mi ave tings fi yuh #gratitude #avocado #healthiswealth https://t.co/yFTPIlj7Af"
393,Kawaii Avocado Diy Antistress Squishy Toys Simulated Fruit Series Slow Rising Stress Relief Funny Toy for Adults Baâ€¦ https://t.co/vFei19gaR0
394,Thank you @Leafsmithdown for this amazing Brunch today #brunch #avocado #halloumi #bacon #liverpool ğŸ˜‹ https://t.co/h6LWDJbbie
395,"Looking for a fresh and healthy meal? Enjoy this Tomato, Cucumber &amp; Avocado Salad! This salad is packed with flavorâ€¦ https://t.co/w6QbhIQIKD"
396,"Three cheers for TBA Thursday! You know, Turkey, Bacon, Avocado! Best thing to eat on a day starting with a ""T"" sinâ€¦ https://t.co/pHn0nFS0QS"
397,"Ah yes. Among us oc. this is Avocado. he is very stupid but tries his best to befriend the crewmates, but... he doeâ€¦ https://t.co/xebZM1ngWV"
398,Avo great day! #avocado https://t.co/QYQ7CuAtsm
399,Learn how Natac is leading the reevaluation of the #botanical industry to become a source of #sustainability in theâ€¦ https://t.co/dVjmqDvuT3
400,"********* Salad porn *********
.
Smoked, peppered #mackerel, #avocado, soft boiled #egg, allotment beetroot, red onâ€¦ https://t.co/5YpkG4S2ee"
401,"Mid century classic, yes its avocado 
#avocado #1970s #retro

https://t.co/Oh3a5MVcLK"
402,With our sophisticated ripening and state-of-the-art packing facilities as well as in-house expertise we ensure youâ€¦ https://t.co/Rkqci4kL66
403,@shepherdesskit Looks delicious.  Just my type of thing! ğŸ˜‹ğŸ˜‹ #smokedslamon #avocado
404,"4/10 Oxidation of #fats in your body might cause #cardiovascular disorders. #VitaminE found in #avocado ğŸ¥‘, #nuts anâ€¦ https://t.co/VWatRKYWsZ"
405,Calling all #avocado ğŸ¥‘ growers! Are you tired of dealing with #Phytophthora root rot disease every year? Donâ€™t worrâ€¦ https://t.co/WHt2j4b8ar
406,"Do you want to grow your own avocados? If you don't live in a tropical climate then you might have some trouble, buâ€¦ https://t.co/CSjgndBph3"
407,"Avocado is just the most elite fruit everğŸ˜

#facts #HealthyEating #fruit #food #avocado #nutrition #sweet #tasty https://t.co/LLWyU0CCdv"
408,Healthy Meals for Children - https://t.co/aYEIobipLU . #UnitedStates #germany #Europe #Health #healthcareâ€¦ https://t.co/tFYukoxgoD
409,"Gloomy day #breakfast
#couscous with #tuna #avocado #corn #tomato and #seedmix

#fitfamily #fit #fitnessmotivationâ€¦ https://t.co/XeU61AokSE"
410,Healthy Meals for Children - https://t.co/aYEIobipLU . #UnitedStates #germany #Europe #Health #healthcareâ€¦ https://t.co/liYRNDgoYz
411,"ğŸ“˜ Avocado ripening #technology. ğŸ¥‘

â„¹ï¸ This #article will provide a comprehensive #explanation of the entireâ€¦ https://t.co/98cm2xluSE"
412,"#avocado Healthy 

Avocados ... 
Tastes good and good for you. https://t.co/lAqRLtgVM4"
413,#ebay #ebayrocteam #headwear #soft #Avocado  Check out Avocado Brand Unisex Ribbed Vintage Black Soft Beanie Hat Onâ€¦ https://t.co/3NOz1gEEk7
414,Flower pruning #avocado trees at a â¦@NZ_Avocadoâ© field day â¦@danielbirnie1â© â¦@just_avocadosâ© https://t.co/nm9DFyvvVI
415,ğŸ“· Triple Play chili (3 beans 3 meats) #chili #beef #bison #turkey #blackbeans #redkidneybeans #pintobeans #paleoâ€¦ https://t.co/lOxbpuPkSi
416,"Healthy eating tonight with salmon, mashed potatoes, steamed carrots, and an avocado ğŸ¥‘ #healthy #food #eatingâ€¦ https://t.co/dreN5gyZfj"
417,ğŸ“· â€œPixieland Fajitasâ€ with my proprietary seasoning. ğŸ˜ŒğŸ¤¯ğŸ‘ŒğŸ‘©â€ğŸ³ But its beautiful so here are some pics! #fajitasâ€¦ https://t.co/Tt1hJ4aMnT
418,I am #tired of #people #Lying about #MeghanMarkle using #cocaine and #adderall . #Meghan is #beautiful at #forty shâ€¦ https://t.co/fOoZcLKr1o
419,"Uploaded.
Toast with avocado, eggs and cheese: https://t.co/8ZahPtV9nx

#toast #avocado #eggs #cheese #cookingâ€¦ https://t.co/vOZqcecwhQ"
420,Supercado is what we should call avocados because they're one of the most inexpensive anti-aging tools for your skiâ€¦ https://t.co/qZgBnUL2tC
421,"The best bite of the day!ğŸ¥ª
.
.
#avocado #AvoSeedo #avocadolove #avocadolover #avocadoaddict #avocadobeautyâ€¦ https://t.co/MdXdt0vZP8"
422,"A very simple yet healthy breakfast: Baked Avocado with Egg.

#avocado #egg #baked #food #breakfast #healthyfoodâ€¦ https://t.co/KSlnByFCzD"
423,"Two months!!!
I love my little avocado ğŸ¥‘ â¤ï¸â¤ï¸â¤ï¸â¤ï¸â¤ï¸â¤ï¸â¤ï¸â¤ï¸â¤ï¸
#korachacha #daughter #babygirl #cute #naturalâ€¦ https://t.co/HnUlVaahlr"
424,"Taco ğŸŒ® soup   Leftover taco meat, beef broth some avocado ğŸ¥‘ and cheese ğŸ§€.            #keto #lowcarb #ketosoupâ€¦ https://t.co/Wpsqt6tG5u"
425,ğŸ“· #avocado #favabeans (at Washington Square West) https://t.co/JfUQece71d https://t.co/QDvQ0LRLUp
426,#avocado #favabeans @ Washington Square West https://t.co/57488ixi20
427,"When we get home from the supermarket and put our groceries away, the last thing we often think about is washing ouâ€¦ https://t.co/pmICBzmUi3"
428,"Just seen one for Harry Winston as well. Very bizarre. Whichever bot needs to read this, I have no wealth #avocado #millenial #ZARA"
429,There are more benefits to eating avocado than just having a cute Instagram picture. Check out these eight benefitsâ€¦ https://t.co/P3yxU67OSc
430,"âœ… my 1st visit to a ğŸ moto dealership. I heard ladies like the bikes. Is that true??? ğŸ¤”

Go toâ€¦ https://t.co/X2MtoOtVmu"
431,"Salad for tonight â¤ 
#Grilled goats cheese,
#green leaf salad, #red onion, #avocado, #roasted butternut squash,â€¦ https://t.co/GbxFO6KVA5"
432,"breakfast in a few steps
.
.
.
.
.
.
#heirloomtomatoes #avocado #sourdough #havarti #friedegg #sacramentoâ€¦ https://t.co/X3T6BwkEW3"
433,Avocado and potatoes have more in common that you might know! ğŸ¤© #wellnesswednesday #avocado #potato #healthtips https://t.co/tEsCkMchaK
434,"#Avocado #shoes, 10 different background #colors and interchangeable tops on 

https://t.co/hLqRac8T7X https://t.co/DUsWEhIlQ7"
435,"The combination of #avocado, cilantro, carrot and #ponzu is beyond #refreshing!
You're going to love this #salad ğŸ¥—ğŸ˜â€¦ https://t.co/wZareirvCn"
436,"I just added a few slices of avo on my homemade veggie pizza....just a few slices for the taste...
#avocadoâ€¦ https://t.co/WiRg55W5Sm"
437,"For an easy #AtHome #lunch, try out this #citrus #shrimp and #avocado #salad! ğŸŠğŸ¤ğŸ¥‘ğŸ¥— Get the #recipe:â€¦ https://t.co/lW5Mbrr36s"
438,Patiently waiting for beetles to emerge from #LaurelWilt #avocado trunks. Phase 1 of developing a protocol for theâ€¦ https://t.co/Aabxl2DjcE
439,How to Make Simple and Healthy Guacamole https://t.co/FX5nJhzVAa #avocado #yummy #recipe #homemade https://t.co/Yu8YwwD3jD
440,Make a quick and delicious #snack with this easy #crab and #avocado #rolls #recipe &gt; https://t.co/eOk8Ywfko5â€¦ https://t.co/bfgZj0k8YD
441,"Great breakfast combination for avocado lovers. whoâ€™s with me? ğŸ¥‘ğŸŒğŸ‡

#breakfastideasâ˜€ï¸
#avocadoğŸ¥‘
#nutritiousfoodâ€¦ https://t.co/Xidyga588o"
442,Want to bag some savings on #rent? Avoid living in #apartments w #grocery stores like @wholefoods @sproutsfmâ€¦ https://t.co/zwB7bHvIly
443,"Breakfast time after helping with homework 
#sweetpotatoetoast #scrambledeggsğŸ³ #baconofcourseğŸ˜‹ #avocadoğŸ¥‘ and myâ€¦ https://t.co/8U02oolTVL"
444,ğŸ¥‘Avocado for the win ğŸ“¸@ally_youcaneat #philly #phillyfood #visitphilly #montrealstyle #avocado #woodoven #bagelsâ€¦ https://t.co/E9GEANUMuO
445,"Just like no two slices of #AvocadoToast are the same â€“ no two mortgages are the same!

Talk to one of loan expertsâ€¦ https://t.co/51pOYFCo5l"
446,Remember to get fresh/good quality ingredients when kitcheering! \m/ #kitchen #quality #fresh #ingredientsâ€¦ https://t.co/WfaP6zK91M
447,"Spent the whole day at the gym ...training ğŸ‹ğŸ»and working ğŸ’»ğŸ“‘ğŸ˜‚
#lifestyle#
#healthy food#
#photography#
#avocado yoguâ€¦ https://t.co/Cm9ZHvC1ES"
448,"#NewProfilePic

@YourHealthyGui1 takes shape! 

#foodies #food #healthy #healthyfood #30settembre #avocadoâ€¦ https://t.co/MvltuH0UDd"
449,"Are you trying to tell me you wanna be a bonsai?

#avocado #bonsai #malta @ Santa Venera https://t.co/Gfy5IG7xF2"
450,"How To Keep Your #Avocado Plant Alive - #Growyourown avocado tree!

https://t.co/kdcW16TcMg"
451,"#Angclca Keiskei Koidzumi ï¼ˆTomorrowâ€™sLeaf) #Melon #Avocado
The other divine combinationğŸ˜
Featured an obvious note oâ€¦ https://t.co/iS1RaaYPOE"
452,Healthy78 #alimentacion #Barcelona #sea #Mediterranean #comida #solomillo #sky #food #lengua #tomate #polloâ€¦ https://t.co/Q1sQgWuRag
453,"NEW MEAL DEAL FOR TWO AVAILABLE TODAY

https://t.co/JNoxWj40LH

#vegan #veggie #vegitarianfood #glutenfree #wineâ€¦ https://t.co/8r0OgkeXxg"
454,"Donâ€™t forget to eat healthy fats everyday ğŸ˜Š
#avocado https://t.co/bU9A0uomZ1"
455,"Shift to a #Mediterranean #grocery basket by choosing melons and #berries, #avocado, #tomatoes, leafy #greenâ€¦ https://t.co/YUJzIQxzRu"
456,Time for a #healthy #lunch with mackerel &amp; #avocado salad https://t.co/YRG55sjj6T
457,"Avocado? Yes, please!! Some cute stickers to jazz up your accessories. @farzeenlatief. Get my art printed on awesomâ€¦ https://t.co/tmJbhbKcTZ"
458,"Avocadoo-inspired designs perfect for ALL avocado lovers out there! @farzeenlatief

Get my art printed on awesome pâ€¦ https://t.co/mxYJUaG0kc"
459,The start to something good #Avocado #Cilantro #Lime #Tomato you can sit in the rain or come indoors to eat while sâ€¦ https://t.co/u8PpmSsAMA
460,"On Wednesdays, we guac &amp; roll ğŸ¥‘ #avoniceday

#freshguac #guacamole #avocado #molcajete #elote #mexicana #fiestaâ€¦ https://t.co/H6nFrsusZ3"
461,"The worldâ€™s first all #avocado ğŸ¥‘ franchise has announced the signing of 19 new locations across the UK and Europe,â€¦ https://t.co/chPii5bkzd"
462,#Chamomile &amp; #Geranium hand and nail balm is extremely moisturising #Avocado with organic Almond ensures that skinâ€¦ https://t.co/IJtKmsfT1v
463,"These baked avocado fries are crispy and tasty.
#baked #fries #avocado #crispy #tasty https://t.co/1tUlvOhaeS"
464,So good I had to share! Check out all the items I'm loving on @Poshmarkapp #poshmark #fashion #style #shopmyclosetâ€¦ https://t.co/pOhvNPBpHa
465,"Ever tried your baby's avocado, only to find it's horribly bitter?
Here's why:
https://t.co/1VXpI3zAug
#avocadoâ€¦ https://t.co/sAGmlbFWVW"
466,"Fancy a healthy breakfast books? Nothing beats avocado, smoked salmon and eggs. A perfect high protein start to theâ€¦ https://t.co/39AU02pWWW"
467,"Just add your imagination and let us do the magic.ğŸ¥š

https://t.co/J2NmzYv1JR

#boiledeggs #eggs #foodie #food #eggâ€¦ https://t.co/hmP6opZQHH"
468,Some Avo-focused art was the inspiration for this week's illustrations! check out Crafting Yellow on Redbubble!â€¦ https://t.co/I65ctopK8X
469,"Plastic is no longer fantastic because our avocado straws are exSTRAWdinary! 
#ecofriendly #biodegradable #Biofaseâ€¦ https://t.co/cxQK1FnZVi"
470,ğŸ“¹ Dissolving Gula Melaka to make my favorite drink. Check out the link too . https://t.co/GraRVe138Y .â€¦ https://t.co/4GGYYBHN6g
471,"Dissolving Gula Melaka to make my favorite drink. Check out the link too
.
https://t.co/GraRVe138Y
.
#umakemehungryâ€¦ https://t.co/JM5WWu1xyy"
472,"Thin tomato jelly and #avocado tart: For this sophisticated recipe, we'll be preparing #tomato jelly to sit on a puâ€¦ https://t.co/WLyTGZUpb9"
473,"Cheeky little special this week - Smashed Avocado with Scottish Smoked Salmon, Radish, Horseradish Cream &amp; Micro Leâ€¦ https://t.co/Ck8MIa8piJ"
474,"Tt has planned to expand the pilot implementation to 150 additional marketplaces and 10 commodities ( #Malt Barely,â€¦ https://t.co/iDaPet2IBw"
475,My second meal after surgery thanks ğŸ™ğŸ¾ to brother Will T for preparing that delicious salad ğŸ¥—. #salad #vegetarianâ€¦ https://t.co/LzwFc6ySvq
476,Raise your hand if you love AVOCADO  ğŸ™‹ğŸ»â€â™‚ï¸ #avocado #love
477,Weâ€™ve missed being able to get out on #avocado orchards. Thx to John &amp; Mary for hosting us in #Katikati @nz_avocadoâ€¦ https://t.co/BDPPvk0ZWL
