,polarity,tweet
0,0.275,Its the first time that this work has been done with avocado shoot tips so its quite exciting University o
1,0.175,Is there such a thing as too much avocado We dont think so Especially not if youre trying to get squeeze more
5,0.13636363636363635,A new favourtite on our breakfast menu Smashed avocado sundried tomato pesto mayo and salsa fresca on toast Now
6,-0.2,Summer Green Salad with Apple Cider Vinegrette Pickled Radishes and Grated Parmigiano Reggiano in a Chapati Cup
8,0.12857142857142856,Gabrieaus Bistro will be closed until 1pm this afternoon We apologize for any inconvenience Our lunch special thi
9,0.4,In need of the perfect salad recipe featuring avocado and Craisins Dried Cranberries Click here to visit our
10,0.19090909090909092,NEW WORK I created the funky front cover and interior illustrations for this fun new recipe book
11,0.1,Avocado toast for breakfast It never gets old kermittherunner toast aguacate pantostado avocado
12,0.05,The Old Cross always a favourite here at The Joiners Shop thejoinersshop poachedeggs brunch
13,0.07211538461538461,Boost your beauty with this 18 deeply rich Avocado oil soap bar with raw Cocoa seed butter empowers your skin w
14,0.44999999999999996,OK REAL TALK Whats your favorite kind of pizzaHeres a slice of pizza youve never seen Toppingsshrimp
15,0.15,Australian fresh produce leader Costa Group is investing in supply chain upgrades based on data from Escavox tracki
16,-0.7,Ugly drawings inktober inktober2020 my ugly avocado drawing contemporarydrawing
17,0.1125,avocado toast in a hipster caf with a flat white to top it off The amount spent might equal 3 days worth of g
18,0.375,Keto friendly breakfast martilcafe Poached eggs avocado sausage martilcafe keto ketobreakfast
22,0.2333333333333334,As amazing as avocados are they can be a pain to keep fresh Find out how to keep your avocado green in the lin
23,0.5,5 foods that help you maintain healthy cholesterol levels avocadobeansnutsgarlicapplespearsnutrition
25,0.55,Suitable for all sorts of pallets box types and partloaded rooms Ecotop Start by Bgdoor is a plugandplay
26,0.4,In need of the perfect salad recipe featuring avocado and Craisins Dried Cranberries Click here to visit our
27,0.7,The molecular reason avocado toast tastes so good
29,0.4,In need of the perfect salad recipe featuring avocado and Craisins Dried Cranberries Click here to visit our
30,0.45,Reading about this Avocado Great For Natural SkinCare FrizeMedia health
33,-0.16666666666666666,Morning breakfast is importantdont skip it It makes u eat less amp stay focused and energized throughout the day
35,0.25,This baby is 25 DM me if youre interested avocado necklace earrings handmade charms
36,0.4,In need of the perfect salad recipe featuring avocado and Craisins Dried Cranberries Click here to visit our
37,0.4,In need of the perfect salad recipe featuring avocado and Craisins Dried Cranberries Click here to visit our
38,0.4,In need of the perfect salad recipe featuring avocado and Craisins Dried Cranberries Click here to visit our
40,0.32222222222222224,AVOCADO TIP If your avocados get ripe before youre ready to eat them heres a quick and easy tip to save them
41,0.3333333333333333,Its my lucky day avocado lucky
42,0.39999999999999997,I dont even like avocados but I love this parody so much Ive listened to it so many times already avocado
45,0.125,Im an animal chili crisp and chimichurri on the same plate dinner avocado cleanfood chilicrisp delso Alb
46,0.4,In need of the perfect salad recipe featuring avocado and Craisins Dried Cranberries Click here to visit our
47,-0.04999999999999999,How healthy is this Chicken Salad Sandwich with slices of Avocado chickensalad avocado Caf Guz
48,0.4,In need of the perfect salad recipe featuring avocado and Craisins Dried Cranberries Click here to visit our
49,-0.13333333333333333,I repotted and propagated a few things over the last few days plants garden avocado
50,0.5,Just an avocado update hes now potted I got two more in cups of water waiting to grow roots KitchenGarden
51,0.4,In need of the perfect salad recipe featuring avocado and Craisins Dried Cranberries Click here to visit our
52,0.4,In need of the perfect salad recipe featuring avocado and Craisins Dried Cranberries Click here to visit our
54,0.4,In need of the perfect salad recipe featuring avocado and Craisins Dried Cranberries Click here to visit our
55,0.25,Use code COVID1050 for 10 off all orders over 50 before our Pacific Avocado Honey runs out Please be aware th
56,0.4,In need of the perfect salad recipe featuring avocado and Craisins Dried Cranberries Click here to visit our
57,0.4,In need of the perfect salad recipe featuring avocado and Craisins Dried Cranberries Click here to visit our
58,0.4,In need of the perfect salad recipe featuring avocado and Craisins Dried Cranberries Click here to visit our
59,0.4,In need of the perfect salad recipe featuring avocado and Craisins Dried Cranberries Click here to visit our
61,0.4,In need of the perfect salad recipe featuring avocado and Craisins Dried Cranberries Click here to visit our
63,0.4,In need of the perfect salad recipe featuring avocado and Craisins Dried Cranberries Click here to visit our
64,0.4,In need of the perfect salad recipe featuring avocado and Craisins Dried Cranberries Click here to visit our
65,0.10714285714285714,Thats right every single one organic organicfood whyorganic recipes sustainability healthylifestyle
66,0.5,Boost your circulation with the benefits of avocado healthy food
67,0.5,Tortillas roll ups Healthy breakfasttortillas breakfast HealthyEating avocado bestideas
68,-0.6,Homemade chicken burgers with lettuce feta and avocado salad Made with janinejaderose chickenburger avocado
71,0.3181818181818182,Checking in on the avocado rootstock trial These new varieties should have better tolerance for heat and salinit
73,0.3,Freshly restocked avocado you can access the products listed on weeklybasket
74,-0.17500000000000002,I recently read that avocados may soon go extinct due to demand and their difficulty to growAre farmers going e
75,0.5,Healthy life with the avocado
77,0.5,BACON AVOCADO BACADO An alltime favorite the Bacado Omelette is made with three cagefree eggs bacon and av
78,0.5,BACON AVOCADO BACADO An alltime favorite the Bacado Omelette is made with three cagefree eggs bacon and av
79,0.033333333333333326,Green and healthy lunch NottingHill bettertogether veganfood weightloss hypnosisweightloss vegetarian green
84,0.07211538461538461,Boost your beauty with this 18 deeply rich Avocado oil soap bar with raw Cocoa seed butter empowers your skin w
85,0.2996428571428571,Ok MAYBE were a little in love with avocados right now Chloe Collar Shirt in Avocado available in sizes 1014 i
86,-0.07500000000000001,Cheesy avocado ice cream recipe Full details here gt food recipes dessert avocado
87,1.0,10 Best Foods to Cleanse Your Liver1 GreenTea2 LemonJuice3 Garlic4 Leafy Greens5 Beets6 Olive Oil
88,1.0,Do you have a dinner party coming up Here are 8 delicious avocado snacks to impress your friends
89,0.13636363636363635,My AvoCATo Pitten pattern is live Make one for an avocado lover gift ANDOR cat lover gift interactivecrochet
90,-0.2,We now serve breakfast from 9am to 3pm everyday brunch brekkie or lunch we have you covered What could be nic
91,0.5166666666666666,Quick Breakfast Ideas Prepare This Avocado Toast To Get A Dash Of Protein Fibre And Good FatsWednedayWisdom
92,0.1,Avocado trapped in dice Now available on Kickstarterdnd avocado canada kickstarter
93,0.08333333333333333,White beans mashed with ripe avocado and blended with sharp Cheddar and onion makes an incredibly rich flavorful
94,0.425,TIMEforYOUTHSTX BhandariBallabh BallabhBhandari for one full bag of Avocado from his gardenmuch better than
97,0.35714285714285715,Grilled Steak Taco Salad Dinner Specialdinner special steak salad avocado yum Dixie Grill amp Brewery
98,0.8,Happy HispanicHeritageMonth Im a proud Peruvian professor in Microbiology and Plant Pathology UCRiverside I st
99,0.06666666666666665,Happiness is made up of small things Small things like an AvoSeedo avocado AvoSeedo avocadolove
101,-0.025,If you are passionate about containers and want to build the future with us on behalf of customers I am expanding
103,0.25,Do u like what u see click the link above to watch our latest video mukbang cooking salmon cucmber
104,0.6,honestgreens avocado aguacate en honest greens
107,0.26666666666666666,A Light and Refreshing Icy Avocado Smoothie to Start Your Day avocado smoothieideas
108,0.45,Reading about this Avocado Great For Natural SkinCare FrizeMedia health
109,0.5,Aussie Favorite Healthy Avocado Smash for Breakfast recipe avocado breakfast
110,0.8,Happy Tasty TuesdayFor this week we have avocado soup ecoideas vegan recipe avocado
112,-0.3125,Something I did not know But seems fittingThe word avocadois derived from the Aztec word ahuacatl mean
113,1.0,Delicious salad and veggies mix for dinner healthyfood healthyeating heathyliving healthylifestyle
114,0.75,Tacos are delicious any day of the week Whats your favorite fillingpork lovepork tacotuesday
115,0.125,Avocado fries reinvent the ordinary and make every day feel newAvocadoFries avocado foodie healthy
116,0.07211538461538461,Boost your beauty with this 18 deeply rich Avocado oil soap bar with raw Cocoa seed butter empowers your skin w
117,0.5681818181818181,Awesome lyrics VanessaMerrell and veronicamerrell New wowsome parody by the MerrellTwins guacamole
118,0.26666666666666666,How to Make Simple and Healthy Guacamole recipe homemade fresh avocado snack
120,0.03333333333333333,Finally we got the chance to work with larger trees We have inoculated mature avocado trees with the LaurelWilt
121,0.47500000000000003,Well good morning to me Most important meal of the day breakfast eggs fetacheese Fresh avocado beans
123,0.7,Why are avocados good for our childrenavocado AvoSeedo avocadolove avocadolover avocadoaddict
124,0.3125,Tastings during office hourswere not mad about it Chef Giacomo is doing some recipe research and development
125,0.2,Our Smoked Turkey Club with avocado bacon provolone lettuce tomato amp whole wheat bread served with waffle chi
126,0.5,Captain Kidd and I found eleven avocados How many did Captain Kidd find PiratePup Florida Avocado CaptainKidd
127,0.36666666666666664,RwOt did you know that Avocado is butter fruit that can help you to build strong body immunity Below are fun fac
130,0.5,My people love me avocado avocados guacamole
131,0.1,Forget the old concept of soup avocado soup pumpkin
135,0.6499999999999999,So good I had to share Check out all the items Im loving on Poshmarkapp from PSbeautyqueen poshmark fashion
138,0.4,IETEF LocalRootsNYC RZA breakfastblog GeekyFriedRice Avocado Vegan espresso fit HealthyLiving
141,0.325,Very cute and totally vegan hoildays christmas avocado Vegan
144,-0.4,What the story behind your smashed avo Groundbreaking research avocado foodag
146,-0.09375,Morning elevenseshour this little guy is back in stock You might have heard of Ross from friends
148,0.7,The molecular reason avocado toast tastes so good AvolutionFresh AvocadosAu
151,0.15,Vegan chickpea curry with a side of white rice and fresh avocado veganblogging chickpeas curry avocado
153,0.5,Congrats to GifmoPescatore and CurlyDoobie for winning my book from gloopdawgs stream yesterday I have had a f
154,0.325,Today is the day Its my birthday and the release of my very first book that I wrote and illustrated Avocadude Si
156,0.3,Champignonpepper pasta sauce with fresh quinoa grain fusilli Served with fresh balsamicavocado DairyFree
157,0.06818181818181818,Hass avocado seeds can be used to plant new trees and every Hass avocado tree in the world will have the same moth
161,-0.05,MondayNightFootball is not complete without chipsandguac to munch on
163,0.4375,Excited to share the latest addition to my etsy shop Vintage Boxed Pair of Dartington Retro Crystal Avocado Glass
164,-0.21428571428571427,Idk but if you get a plain bagel and slap some jalapeno cream cheese on it and then add slices of avocados Its
165,0.675,This Avocado Stuffed Chickpea Salad is savory with a dash of sweet and its the perfect MeatlessMonday dish Get
166,0.25,Avocado the Next Prominent Anti Prostate Cancer Functional Fruit Scientists Say
167,0.1,Take your breakfast amp make it a salad baristricoff s Avocado Lox Salad has all the goods soft boiled eggs smo
168,0.3121212121212121,Get stoked Your good moments are leveling up into epic ones with our ALL NEW Ranch n Avocado Turkey Club and Ranc
169,0.4,Come pay us a visit and get your guac fixTaco Tuesday is tomorrow so DM TEXT OR CALL to secure your Birria Tac
171,0.1327380952380952,Marketing your products or survives The right way is paramount to your business success Make it a little easier on
174,0.44727272727272727,Latest big promo from AvosFromMexico hope you win Were unlocking the door for a chance to win a NEW HOME wort
177,0.8,Avo great start to your morning with our 5grain glutenfree bread OMGItsGlutenFree
178,0.5,Cant eat avocadoThats ok You have optionsAvocadoFoodAllergies
179,-0.125,Chamomile amp Geranium hand and nail balm is extremely moisturising Avocado with organic Almond ensures that skin
180,-0.012499999999999997,My Cheesy Potato and Chipotle Breakfast Taquitos are pretty much the only thing you need for breakfast this fall C
181,1.0,Avocado the Best Fruit for Skin health
182,0.35,since last week it has been crazy perfect avocado on perfect avocado Whats going on YEAH
184,0.14285714285714285,If youre going to get it in get it right starting in the morning Cant be passing out during the stream need th
185,0.5875,Avocado is a rich source of vitamins and fiber Here are some of the health benefits of eating avocado Great
186,0.26666666666666666,My home magic garden Avocado fruit sweethome avocado fruit bio vegan nature green color exotic
187,0.6,tasty healthy yummy GOOD avocado
188,0.19318181818181818,New breakfast idea Zucchini Eggs with Avocado Add some hot sauce to make it foodie breakfast avocado
189,0.5,Watch ROTTEN on Netflix For the Love of Money companies and some people will do anything netflix cocoa
191,0.19318181818181818,New breakfast idea Zucchini Eggs with Avocado Add some hot sauce to make it foodie breakfast avocado
193,0.2,thumbprintsoap DrFrankLipman 1st Avocado Oil the highest point smoke Almost twice as much as coconut oil2n
194,-0.15,The average price of Avocado increased by 9 compared to 201819
195,0.4375,Today our colleagues Jos Manuel Jurado and Richi Menoyo are receiving one of our arrivals of this rich exotic fr
196,0.14732142857142858,It is recommended certain foods that help us recharge such as avocado a food rich in potassium a essential miner
198,-0.19375,Lets start the working week with a little bit of green aaronsavo continues to astonish This was an avocado s
199,0.5,Healthy Meals for Children UnitedStates germany Europe Health healthcare
200,-0.16666666666666666,The result from an impluse bought item black beans t voila Black beans avocado and tomatoe salada just w
202,0.4,Post marathon breakfast Avocado Lemon Toast StreakyBacon PoachedEgg Fit BreakfastOfChampions
205,0.55,I used to love watching my grandfather do yard work with his machete always handy he would hand me sugarcane
206,0.4666666666666666,Some of us enjoy durian but some of us dont Its ok we have Mango 3D popsicle as well Musang Wang is a healthy
207,0.6068181818181819,How about a positive start to the week with some delicious breakfast avocado on some delicious whole wheat sourdo
208,0.43333333333333335,Eating healthy eating clean SalmonPastaBowl goal lean in 90 days Thank you vshred for the inspiration amp plan
209,0.8,Happy National Taco Day Carnitas and shrimp tacos to celebrate tacos carnitas shrimp avocado
212,0.45,Reading about this Avocado Great For Natural SkinCare FrizeMedia health
215,0.2,In case anyone was wondering if you dont have a food processor and are in need of a fast way to mash that delicio
217,0.4,DarrenHealy15 avocado Genuinely thought that was an in joke for Villa fans or something
221,1.0,Forget taco Tuesday its National Taco Day today and Ive got two awesome for you
225,0.3333333333333333,Healthy Avocado Smash for Breakfast an Australian Favorite avocado breakfast
226,0.35,Avocado amp Eggplant taken to The Next Level So Damn Good Its What We Do AvoGanoush vegan avocado
227,1.0,Get my art printed on awesome products Support me at Redbubble RBandME Avocado Sticker by LudlumDesign
228,0.75,Avocados are great for lowering blood sugar and helping manage diabetes but did you know theyre good for your hea
229,0.8,Happy Sunday smoothie springwater appples avocado mango spinach bananas seamossgel greentea
230,0.1,How To Keep Your Avocado Plant Alive Growyourown avocado tree
232,1.0,Want some inspiration for how you can use up those avocados Try these delicious stuffed avocado recipes
233,0.3,Early lunch in the Clubhouse RedMileHarness Outstanding ChickenSalad HeirloomTomatoes Avocado
235,0.8,But with guacamole Happy NationalTacoDay LoveOneToday AvocadoLove Avocado Taco Guacamole
236,0.5,Egg on avocado and toast heaven Foodie avocado eggs egg healthy healthyFood
237,0.1,Avocado the Natural Sources of Antioxidants Against Lipids Proteins and Cells DNA Damage
238,0.5,Another lovely brunch today at Wolfox 1010 brunch avocado coffee smoothie leeds
239,0.1,I couldnt eat my breakfast fast enough this morning So goodquinoa avocado verdesalsa ilikefood
240,0.075,chiliconcarne made with avocado dark chocolate and fresh cilantro sunday Horgen Switzerland
241,-0.25,Avocados are a superfruit when it comes to nutrition not many people talk about the rest of the plantIt turns o
242,0.6499999999999999,So good I had to share Check out all the items Im loving on Poshmarkapp poshmark fashion style shopmycloset
243,0.2333333333333334,As amazing as avocados are they can be a pain to keep fresh Find out how to keep your avocado green in the lin
245,0.2333333333333334,As amazing as avocados are they can be a pain to keep fresh Find out how to keep your avocado green in the lin
247,0.5,Healthy Meals for Children UnitedStates germany Europe Health healthcare
248,0.175,Sundays are made for someone else to cook you breakfast Open from 9am our full breakfast menu is served until 3pm
251,0.2,acheatingvegan the creaminess of the guacamole or pureed avocado take your pick really adds to the taco w
253,-0.16666666666666666,too much black pepper on the avocado toast accidentally Avocado
255,0.1,Fruits to naturally burn fat Tomatoes Avocados Oranges Watermelons Strawberries Guava L
257,0.45,More Blockchain agtech news from Australia Three Aussie primary sector value chains Avocado wheat beef with
259,0.5083333333333333,Breakfast a kiwi classic bacon eggs and avo Beautiful Also fruit salad and coffee breakfast
260,0.04999999999999999,Its 88 degree Fahrenheit 31 Celsius in Honolulu A good time for a bowl of cold avocado soup garnished with cilan
261,-0.16666666666666666,Black Beans and Corn Salad Inspired by dinneratthezoo blackbeans corn tomato avocado cilantro redonions
263,0.3,goodmoments food bowls poke rice salmon wakame sesameseeds avocado soysauce carrot fun feeling relax
264,0.3666666666666667,Coffee is one of Kenyas most important cash crops but it requires lots of water and much coffee is lost to drou
265,-0.05,NutrientDensity is deeply rooted in scienceHealth experts recommend eating a nutrientdense diet for a wide
268,0.25,yucatanguac chunky yes pits no One big chunk of avocado pit sitting in my guacamole Love this stuff but wi
269,0.35833333333333334,Want an easy delicious Mexican soup that only takes 15 minutes to make Grab my recipe T
270,0.5,This healthy delicious vegan Mexican Chopped Salad with Avocado Cilantro Dressing is packed with fiberrich b
273,0.4,For your orders and inquiries send us a DM or callwhatsapp on 08036093881Our delivery service is available for
275,0.11818181818181818,The lockdownavocado is all grown up and now has a new home in soil after spending its life so far growing in a p
276,0.0062500000000000056,I cant believe how much this little avocado plant is growing plantlife avocado avocadotree growingplants
277,0.8,HAVE YOU TRIED THIS GREAT TASTING WAX YET BY AVOCADO EXTRACTS THIS WAX IS A SUGAR DIAMOND LIKE CONCENTRATE T
278,0.7,Good morning Grilled breakfast sandwich with egg ham avocado and melted cheese on brioche brekkie
279,1.0,How to make the perfect avocado toast healthybreakfast SaturdayMorning recipe
282,-0.05555555555555556,Avocado definition An avocado is a fruit with a thick green skin and mild creamy flesh Who agrees
285,0.16666666666666666,eggs avocado Never seen such tiny avocados Theyre adorable
287,0.3181818181818182,I love the colour of new avocado leaves plant houseplant Dunshaughlin
289,0.5,God I love beetroot do you easypeasylemonsqueezy healthy healthyfood healthyrecipes
291,0.35,DrSoucMusic My Bircher muesli its full of nuts chia seeds and berries for summer Winter my savoury pancak
292,0.7,Avocado looking at Mirror You are Fat But you are Good Fat avocado nutrition fruits
293,0.7,Like our fruit ice cream Now have a Good news for youIn addition to buying our products in onlineNow you also ca
294,0.25,Lets have a juicy watermelon in the hot summerIf you want to buy watermelon must find UNITQunitqfarm paknis
295,-0.05,Wishing us a long life to share the graceful moonlight though thousands of miles apartunitqfarm paknis
296,-0.3,Breakfast muffin from getfitbox muffin chicken avocado egg hollandaise healthyish yummy local
298,0.6000000000000001,A guacamole sort of morning Avocados are amazing They increase circulation boost immunity regulate metabolism
299,0.9,Some delicious poached eggs with avocado toast for a great start to the day Breakfast GoodMorning
300,-0.20833333333333334,Its Not Easy Being Green Jiinju Avocado Sheet Mask avocadosheetmask face healthbeauty korean sheetmask
303,0.31666666666666665,Get ready to raid your fridge to make this easy proteinpacked breakfast Use up that avocado some boiled eggs c
305,0.75,These deliciously adorable Avocado coasters add the perfect pop of color to your tabledecor Each coaster is
306,0.5,Stuffed Capsicum Quinoa RecipeRecipe Link quinoa vegan healthyfood food healthy
308,0.3,Its not cold yet but if youre in the mood for a soup Soup Avocado Cucumber Gazpacho
309,0.25,IrvineCertifiedFarmersMarket is Open Saturday from 8Noon at marinerschurch walkthrough market you will love
310,0.25,Broiled Fish Tacos with AvocadoGrapefruit Salsa from Simply Citrus by Marie Asselin foodnouveau ad Love
311,-0.1,What all does the color pink agree with Comment belowavocado AvoSeedo avocadolove avocadolover
313,0.4,My Ginger Spicy pickled Red Onions mix in well with avocado and tastes great BestRecipesUK thiswritersays
314,0.13333333333333333,Need a tasty lunch that only takes 30 minutes Here is the perfect recipe for Chicken Avocado Burritos
315,0.5,What is your favorite way to eat avocado Avocado toast sliced into salad and homemade guacamole are some favori
320,0.5,NigellaLawson enjoying her avocado experimentation and admiring her stairs on simplynigella
324,0.4444444444444444,Super cute food resin fbs kikisquirrel fruit chocolate kawaii cute flatback avocado pineapple cherry
325,1.0,Oh this sourdough everythingbagelseasoning is a perfect canvas for some breakfast with my coffee today
328,0.8,Sliced er up Lets eat Breakfast quesadilla in a cast iron skillet Scrambled eggs Cheese Avocado Happy Frida
329,0.8,Breakfast quesadilla in a cast iron skillet Scrambled eggs Cheese Avocado Happy Friday breakfast
330,0.4666666666666667,Healthy and Easy Guacamole Recipe Avocado Guacamole RecipeofTheDay Recipes PrintableRecipes Health Diet
331,0.4393939393939394,Love Cats Love Avocados Well now you can love both at the same time with SnugArooz new Avocato Perfect for pla
332,0.1,Its been a while since Ive avocadoed you Get ready because I see plenty of fruits in my tree Link for last m
333,-0.5,This avocado meets the requirements for harvest It is Choquette just shy of 5 in diameter and 38 oz In abou
334,0.25,Healthy fats especially Omega3 assists in keeping estrogen levels balancedAvocados help to balance cortisol i
335,0.11623376623376624,NEW Avocado Bacon Burger with SrirachaRanch sauce now available for a limited time only Its avocadOMMMG
337,0.1,35 off this item todaymotocross penguins avocado patterns alloverprint apprel discount offers Society6
339,0.5,Here are our 4 favorite dishes made with AvocadoWhich one is your favoriteFoodxp Avocado AvocadoDishes
340,0.2,What do you really know about avocadosFrom oils to salads toast and even ice cream Its the fruit that does it a
341,0.4166666666666667,Slightly burnt the toast but the egg is perfect winnerwinner breakfast avocado egg limejuice chilli
343,-0.16666666666666666,Kenyan farmers turn to avocado as it requires less attention and maintenance during the widespread drought in the
344,0.65,Growing an avocado tree in a pot can be a great way to better control conditions for your plant Here are tips for
345,0.43333333333333335,Breakfast Simple but delicious Toasted sourdough lemon drizzled avocado tomato slices and fresh basil En
350,0.275,The REVERSO reversible fan range provides efficient and economic air movement technology and full usercontrollabi
351,-0.125,Chamomile amp Geranium hand and nail balm is extremely moisturising Avocado with organic Almond ensures that skin
352,0.13636363636363635,Do you know where your avocado comes from Find out how a new partnership between Mastercard and FreshSupplyCoAU
353,-0.34375,It was time to pop my avo in a pot For some reason that made me a little sad so I decided to create a memory of m
354,0.75,Here are 8 delicious avocado snacks to impress your guests avoseedo avocadorecipes healthy
355,0.6,Effective Keto Fruits for Your OverweightVisit for Details keto ketodiet ketofoods
356,0.8,happy world vegetarian day airfried gardein cheese salsa quesadilla with avocado fries or salad
358,0.175,Our avocado sandwich was just deliciousWe made it with our sweet heirloom tomatoes amp Greek olives on our
359,0.5,We love avocado And heres why Do you avocado loveonetoday
360,0.5,Even kids love AvoSeedo Plant your tree nowavocado AvoSeedo avocadolove avocadolover avocadoaddict
361,0.13636363636363635,Want to live close to avocado ice cream or cauliflower pizzacrust Its gonna cost you But how much to live abo
363,0.21666666666666667,Daily Easy Tasty updatedToast with avocado eggs and cheese toast avocado eggs
364,0.08333333333333333,White beans mashed with ripe avocado and blended with sharp Cheddar and onion makes an incredibly rich flavorful
365,0.25,Haveacado avocado this costume is too cute and only 899 goodwill goodwillfinds thriftyisnifty
366,0.25,Haveacado avocado thia coatume is too cute and only 899 goodwill goodwillfinds thriftyisnifty
367,0.1,Halibut tacos another pescatarian delight for supper complete wCSA cabbage for the slaw Shouldve remembered th
368,0.5,HirstRj Like this Psychopy Psychology OpenScience music video trailer cute sunset avocado
370,0.45,As happy as I am to proclaim that the avocado in my house is finally ripe I know there are so many more things in
371,0.25,Avocados are rich in nutrients and can be extremely beneficial for the health of your skinExperience the many be
373,-0.125,Thursdays breakfast and lunch plus n Uplift to keep me going as struggling due to my hospital appointment yesterda
374,0.5,Hands up if you love Avocado pins PinBadges avocado Vegan
375,1.0,How to make the BEST AvocadoToast food foodie avocado brunch HealthyFood
376,-0.1875,The world is a little blurry or maybe its my eyes angeljlopez fashionillustration ilustracin
379,0.2,Avocado apocalypse averted thanks to deepfreeze breakthrough University of Queensland UQNews PhD student C
380,-0.1,The APAC avocado oil market is expected to grow from US 14832 million in 2018 to US 34273 million by 2027 it i
383,0.45,You might be surprised to know that though not a selection in jarred baby food avocado is an excellent first food
384,0.5,If youre looking for an aphrodisiac ignore your boudoir amp peek inside your kitchen cupboard One of the most fa
385,-0.7999999999999999,But I want avocado now Stupid garden avocado gardeningdisapointment
388,0.4625,avocado delicious very healthy great potassium and omega 3Very dangerous to grow for the environment and a
391,0.22077922077922077,Certain foods have been proven to positively affect your babys memory and capacity to learnFoodPrevention
392,0.44999999999999996,Ready for a snack Try this gorgeous variation on avocado on toast recipes healthyfood
394,-0.025000000000000022,Kawaii Avocado Diy Antistress Squishy Toys Simulated Fruit Series Slow Rising Stress Relief Funny Toy for Adults Ba
395,0.6000000000000001,Thank you Leafsmithdown for this amazing Brunch today brunch avocado halloumi bacon liverpool
396,0.4000000000000001,Looking for a fresh and healthy meal Enjoy this Tomato Cucumber amp Avocado Salad This salad is packed with flavor
397,0.5,Three cheers for TBA Thursday You know Turkey Bacon Avocado Best thing to eat on a day starting with a T sin
398,-0.03333333333333336,Ah yes Among us oc this is Avocado he is very stupid but tries his best to befriend the crewmates but he doe
399,0.8,Avo great day avocado
401,0.05,Salad porn Smoked peppered mackerel avocado soft boiled egg allotment beetroot red on
402,0.08333333333333333,Mid century classic yes its avocado avocado 1970s retro
403,0.5,With our sophisticated ripening and stateoftheart packing facilities as well as inhouse expertise we ensure you
404,1.0,shepherdesskit Looks delicious Just my type of thing smokedslamon avocado
406,-0.4,Calling all avocado growers Are you tired of dealing with Phytophthora root rot disease every year Dont worr
407,0.1787878787878788,Do you want to grow your own avocados If you dont live in a tropical climate then you might have some trouble bu
408,0.425,Avocado is just the most elite fruit everfacts HealthyEating fruit food avocado nutrition sweet tasty
409,0.5,Healthy Meals for Children UnitedStates germany Europe Health healthcare
410,0.4,Gloomy day breakfastcouscous with tuna avocado corn tomato and seedmixfitfamily fit fitnessmotivation
411,0.5,Healthy Meals for Children UnitedStates germany Europe Health healthcare
413,0.6333333333333333,avocado Healthy Avocados Tastes good and good for you
414,0.011111111111111118,ebay ebayrocteam headwear soft Avocado Check out Avocado Brand Unisex Ribbed Vintage Black Soft Beanie Hat On
417,0.5,Healthy eating tonight with salmon mashed potatoes steamed carrots and an avocado healthy food eating
418,0.85,Pixieland Fajitas with my proprietary seasoning But its beautiful so here are some pics fajitas
419,0.22499999999999998,I am tired of people Lying about MeghanMarkle using cocaine and adderall Meghan is beautiful at forty sh
421,0.5,Supercado is what we should call avocados because theyre one of the most inexpensive antiaging tools for your ski
422,1.0,The best bite of the dayavocado AvoSeedo avocadolove avocadolover avocadoaddict avocadobeauty
423,0.25,A very simple yet healthy breakfast Baked Avocado with Eggavocado egg baked food breakfast healthyfood
424,0.228125,Two monthsI love my little avocado korachacha daughter babygirl cute natural
429,0.52,Just seen one for Harry Winston as well Very bizarre Whichever bot needs to read this I have no wealth avocado millenial ZARA
430,0.5,There are more benefits to eating avocado than just having a cute Instagram picture Check out these eight benefits
431,0.35,my 1st visit to a moto dealership I heard ladies like the bikes Is that true Go to
433,-0.2,breakfast in a few stepsheirloomtomatoes avocado sourdough havarti friedegg sacramento
434,0.1,Avocado and potatoes have more in common that you might know wellnesswednesday avocado potato healthtips
436,0.5,The combination of avocado cilantro carrot and ponzu is beyond refreshingYoure going to love this salad
437,-0.2,I just added a few slices of avo on my homemade veggie pizzajust a few slices for the tasteavocado
438,0.43333333333333335,For an easy AtHome lunch try out this citrus shrimp and avocado salad Get the recipe
440,0.25,How to Make Simple and Healthy Guacamole avocado yummy recipe homemade
441,0.5888888888888889,Make a quick and delicious snack with this easy crab and avocado rolls recipe gt
442,0.8,Great breakfast combination for avocado lovers whos with me breakfastideasavocadonutritiousfood
445,0.8,Avocado for the win allyyoucaneat philly phillyfood visitphilly montrealstyle avocado woodoven bagels
447,0.3,Remember to get freshgood quality ingredients when kitcheering m kitchen quality fresh ingredients
448,0.05,Spent the whole day at the gym training and working lifestylehealthy foodphotographyavocado yogu
449,0.5,NewProfilePicYourHealthyGui1 takes shape foodies food healthy healthyfood 30settembre avocado
451,0.1,How To Keep Your Avocado Plant Alive Growyourown avocado tree
452,-0.0625,Angclca Keiskei Koidzumi TomorrowsLeaf Melon AvocadoThe other divine combinationFeatured an obvious note o
454,0.2681818181818182,NEW MEAL DEAL FOR TWO AVAILABLE TODAYvegan veggie vegitarianfood glutenfree wine
455,0.15,Dont forget to eat healthy fats everyday avocado
456,-0.2,Shift to a Mediterranean grocery basket by choosing melons and berries avocado tomatoes leafy green
457,0.5,Time for a healthy lunch with mackerel amp avocado salad
458,0.5,Avocado Yes please Some cute stickers to jazz up your accessories farzeenlatief Get my art printed on awesom
459,1.0,Avocadooinspired designs perfect for ALL avocado lovers out there farzeenlatiefGet my art printed on awesome p
460,0.7,The start to something good Avocado Cilantro Lime Tomato you can sit in the rain or come indoors to eat while s
462,0.19318181818181818,The worlds first all avocado franchise has announced the signing of 19 new locations across the UK and Europe
463,-0.125,Chamomile amp Geranium hand and nail balm is extremely moisturising Avocado with organic Almond ensures that skin
465,0.6499999999999999,So good I had to share Check out all the items Im loving on Poshmarkapp poshmark fashion style shopmycloset
466,-0.5,Ever tried your babys avocado only to find its horribly bitterHeres whyavocado
467,0.5533333333333333,Fancy a healthy breakfast books Nothing beats avocado smoked salmon and eggs A perfect high protein start to the
470,0.4,Plastic is no longer fantastic because our avocado straws are exSTRAWdinary ecofriendly biodegradable Biofase
471,0.5,Dissolving Gula Melaka to make my favorite drink Check out the link too
472,0.5,Dissolving Gula Melaka to make my favorite drink Check out the link tooumakemehungry
473,0.04999999999999999,Thin tomato jelly and avocado tart For this sophisticated recipe well be preparing tomato jelly to sit on a pu
474,0.08482142857142858,Cheeky little special this week Smashed Avocado with Scottish Smoked Salmon Radish Horseradish Cream amp Micro Le
475,0.05,Tt has planned to expand the pilot implementation to 150 additional marketplaces and 10 commodities Malt Barely
476,0.39999999999999997,My second meal after surgery thanks to brother Will T for preparing that delicious salad salad vegetarian
477,0.5,Raise your hand if you love AVOCADO avocado love
478,0.5,Weve missed being able to get out on avocado orchards Thx to John amp Mary for hosting us in Katikati nzavocado
